id,pid,status,mother1,mother2,px,py,pz,m,scale,pol,xProd,yProd,zProd,tau
0,90,-11,0,0,0,0,0,14000,0,9,0,0,0,0
1,2212,-12,0,0,0,0,0,0.93827,0,9,0,0,0,0
2,2212,-12,0,0,0,0,0,0.93827,0,9,0,0,0,0
3,21,-21,7,0,0,0,0,0,34.715,9,0,0,0,0
4,21,-21,8,8,0,0,0,0,34.715,9,0,0,0,0
5,21,-23,3,4,33.5918,-8.75911,33.5918,0,34.715,9,0,0,0,0
6,21,-23,3,4,-33.5918,8.75911,-33.5918,0,34.715,9,0,0,0,0
7,21,-41,39,39,-7.10543e-15,8.88178e-15,-7.10543e-15,0,34.715,9,0,0,0,0
8,21,-42,20,20,-1.42109e-14,5.32907e-15,-1.42109e-14,0,34.715,9,0,0,0,0
9,21,-44,5,5,13.7491,0.351622,13.7491,0,34.715,9,0,0,0,0
10,21,-44,6,6,-35.2437,9.51758,-35.2437,0,34.715,9,0,0,0,0
11,21,-43,7,0,21.4945,-9.8692,21.4945,0,23.8807,9,0,0,0,0
12,21,-51,9,0,16.92,11.3014,16.92,0,15.9057,9,0,0,0,0
13,21,-51,9,0,-6.97673,-9.92199,-6.97673,0,15.9057,9,0,0,0,0
14,21,-52,10,10,-31.4378,8.48981,-31.4378,0,15.9057,9,0,0,0,0
15,21,-51,14,0,-2.99759,-6.89978,-2.99759,0,14.9155,9,0,0,0,0
16,21,-51,14,0,-33.3159,8.45572,-33.3159,0,14.9155,9,0,0,0,0
17,21,-52,13,13,-2.10112,-2.98811,-2.10112,0,14.9155,9,0,0,0,0
18,21,-51,11,0,31.4998,-9.76854,31.4998,0,14.393,9,0,0,0,0
19,21,-51,11,0,-10.0052,-0.100668,-10.0052,0,14.393,9,0,0,0,0
20,21,-53,62,62,-7.2618e-15,1.06581e-14,-7.2618e-15,0,0,9,0,0,0,0
21,-1,-51,17,0,5.25088,3.24255,5.25088,0.33,6.26495,9,0,0,0,0
22,1,-51,17,0,-2.51273,-2.99838,-2.51273,0.33,6.26495,9,0,0,0,0
23,21,-52,12,12,12.0808,8.0691,12.0808,0,6.26495,9,0,0,0,0
24,21,-51,19,0,-6.48339,4.81615,-6.48339,0,5.76255,9,0,0,0,0
25,21,-51,19,0,-0.752178,-5.77573,-0.752178,0,5.76255,9,0,0,0,0
26,21,-52,18,18,28.7301,-8.90962,28.7301,0,5.76255,9,0,0,0,0
27,21,-51,25,0,2.30638,-5.81248,2.30638,0,3.24501,9,0,0,0,0
28,21,-51,25,0,1.16141,-1.27193,1.16141,0,3.24501,9,0,0,0,0
29,21,-52,26,26,24.5101,-7.60095,24.5101,0,3.24501,9,0,0,0,0
30,-1,-51,21,0,0.96677,2.23668,0.96677,0.33,3.18458,9,0,0,0,0
31,21,-51,21,0,2.90407,1.35613,2.90407,0,3.18458,9,0,0,0,0
32,21,-52,16,16,-31.9358,8.10546,-31.9358,0,3.18458,9,0,0,0,0
33,21,-31,92,0,0,0,0,0,2.82982,9,0,0,0,0
34,21,-31,93,93,0,0,0,0,2.82982,9,0,0,0,0
35,21,-33,33,34,2.03868,-1.96256,2.03868,0,2.82982,9,0,0,0,0
36,21,-33,33,34,-2.03868,1.96256,-2.03868,0,2.82982,9,0,0,0,0
37,21,-51,23,0,6.66881,7.60195,6.66881,0,2.63498,9,0,0,0,0
38,21,-51,23,0,5.41197,0.46715,5.41197,0,2.63498,9,0,0,0,0
39,21,-53,61,0,-1.42109e-14,1.77636e-14,-1.42109e-14,0,0,9,0,0,0,0
40,21,-31,136,136,0,0,0,0,2.59905,9,0,0,0,0
41,21,-31,137,0,0,0,0,0,2.59905,9,0,0,0,0
42,21,-33,40,41,2.53522,-0.572495,2.53522,0,2.59905,9,0,0,0,0
43,21,-33,40,41,-2.53522,0.572495,-2.53522,0,2.59905,9,0,0,0,0
44,21,-31,54,0,0,0,0,0,2.37028,9,0,0,0,0
45,21,-31,55,55,0,0,0,0,2.37028,9,0,0,0,0
46,21,-33,44,45,-1.5217,-1.81733,-1.5217,0,2.37028,9,0,0,0,0
47,21,-33,44,45,1.5217,1.81733,1.5217,0,2.37028,9,0,0,0,0
48,21,-51,47,0,3.06778,0.572851,3.06778,0,2.14863,9,0,0,0,0
49,21,-51,47,0,-1.55727,1.23112,-1.55727,0,2.14863,9,0,0,0,0
50,21,-52,46,46,-1.51051,-1.80397,-1.51051,0,2.14863,9,0,0,0,0
51,21,-51,50,0,-1.70743,-3.15132,-1.70743,0,2.06577,9,0,0,0,0
52,21,-51,50,0,0.142429,1.39043,0.142429,0,2.06577,9,0,0,0,0
53,21,-52,49,49,-1.50279,1.18804,-1.50279,0,2.06577,9,0,0,0,0
54,21,-41,84,84,0,1.77636e-15,0,0,2.37028,9,0,0,0,0
55,21,-42,85,0,-1.16573e-15,-2.33147e-15,-1.16573e-15,0,2.37028,9,0,0,0,0
56,21,-44,51,51,-1.03833,-1.93205,-1.03833,0,2.06577,9,0,0,0,0
57,21,-44,48,48,3.06847,0.574102,3.06847,0,2.14863,9,0,0,0,0
58,21,-44,53,53,-1.49607,1.20028,-1.49607,0,2.06577,9,0,0,0,0
59,21,-44,52,52,0.45463,1.95934,0.45463,0,2.06577,9,0,0,0,0
60,21,-43,54,0,-0.988701,-1.80167,-0.988701,0,2.05517,9,0,0,0,0
61,21,-41,100,100,2.66454e-15,1.77636e-15,2.66454e-15,0,0,9,0,0,0,0
62,21,-42,101,0,-8.88178e-16,1.44329e-15,-8.88178e-16,0,0,9,0,0,0,0
63,21,-44,37,37,6.47444,7.75582,6.47444,0,2.63498,9,0,0,0,0
64,21,-44,15,15,-3.00114,-6.89697,-3.00114,0,14.9155,9,0,0,0,0
65,21,-44,29,29,23.752,-7.00077,23.752,0,3.24501,9,0,0,0,0
66,-1,-44,30,30,0.93816,2.25933,0.93816,0.33,3.18458,9,0,0,0,0
67,21,-44,32,32,-31.99,8.1483,-31.99,0,3.18458,9,0,0,0,0
68,21,-44,24,24,-6.5356,4.85748,-6.5356,0,5.76255,9,0,0,0,0
69,1,-44,22,22,-2.60134,-2.92823,-2.60134,0.33,6.26495,9,0,0,0,0
70,21,-44,27,27,2.2225,-5.74607,2.2225,0,3.24501,9,0,0,0,0
71,21,-44,28,28,1.01403,-1.15525,1.01403,0,3.24501,9,0,0,0,0
72,21,-44,31,31,2.89854,1.36051,2.89854,0,3.18458,9,0,0,0,0
73,21,-44,38,38,5.29755,0.55774,5.29755,0,2.63498,9,0,0,0,0
74,21,-43,61,0,1.53079,-1.2119,1.53079,0,1.95245,9,0,0,0,0
75,21,-51,74,0,1.24049,-2.56727,1.24049,0,1.93433,9,0,0,0,0
76,21,-51,74,0,0.631702,1.25475,0.631702,0,1.93433,9,0,0,0,0
77,21,-52,65,65,23.4106,-6.90015,23.4106,0,1.93433,9,0,0,0,0
78,21,-51,75,0,1.01734,0.953435,1.01734,0,1.92339,9,0,0,0,0
79,21,-51,75,0,0.330223,-3.30802,0.330223,0,1.92339,9,0,0,0,0
80,21,-52,76,76,0.524626,1.04206,0.524626,0,1.92339,9,0,0,0,0
81,21,-51,43,0,-0.687431,0.804555,-0.687431,0,1.88469,9,0,0,0,0
82,21,-51,43,0,-0.707467,-0.489564,-0.707467,0,1.88469,9,0,0,0,0
83,21,-52,42,42,1.3949,-0.314992,1.3949,0,1.88469,9,0,0,0,0
84,21,-42,466,466,-7.32747e-15,-1.63758e-15,-7.32747e-15,0,2.37028,9,0,0,0,0
85,21,-41,467,467,7.32747e-15,1.72085e-15,7.32747e-15,0,2.37028,9,0,0,0,0
86,21,-44,56,56,-1.03746,-1.93186,-1.03746,0,2.06577,9,0,0,0,0
87,21,-44,57,57,4.77522,0.954332,4.77522,0,2.14863,9,0,0,0,0
88,21,-44,58,58,-1.43017,1.21496,-1.43017,0,2.06577,9,0,0,0,0
89,21,-44,59,59,0.456189,1.95969,0.456189,0,2.06577,9,0,0,0,0
90,21,-44,60,60,-0.988635,-1.80166,-0.988635,0,2.05517,9,0,0,0,0
91,21,-43,85,0,-1.77513,-0.395465,-1.77513,0,1.81887,9,0,0,0,0
92,21,-41,129,129,-3.41061e-12,-2.84217e-12,-3.41061e-12,0,2.82982,9,0,0,0,0
93,21,-42,130,0,2.26064e-12,2.94409e-12,2.26064e-12,0,2.82982,9,0,0,0,0
94,21,-44,35,35,1.24068,-3.0016,1.24068,0,2.82982,9,0,0,0,0
95,21,-44,36,36,-2.33665,1.57459,-2.33665,0,2.82982,9,0,0,0,0
96,21,-43,92,0,1.09598,1.42701,1.09598,0,1.79939,9,0,0,0,0
97,21,-51,88,0,-2.22334,0.42688,-2.22334,0,1.74025,9,0,0,0,0
98,21,-51,88,0,0.827624,0.936118,0.827624,0,1.74025,9,0,0,0,0
99,21,-52,89,89,0.421728,1.81165,0.421728,0,1.74025,9,0,0,0,0
100,21,-42,323,323,-1.48215e-13,-1.10301e-13,-1.48215e-13,0,0,9,0,0,0,0
101,21,-41,196,196,1.4877e-13,1.10134e-13,1.4877e-13,0,0,9,0,0,0,0
102,21,-44,63,63,6.49005,7.76743,6.49005,0,2.63498,9,0,0,0,0
103,21,-44,64,64,-2.52764,-6.54464,-2.52764,0,14.9155,9,0,0,0,0
104,21,-44,77,77,23.4343,-6.88252,23.4343,0,1.93433,9,0,0,0,0
105,-1,-44,66,66,0.944489,2.26404,0.944489,0.33,3.18458,9,0,0,0,0
106,21,-44,67,67,-31.3917,8.5935,-31.3917,0,3.18458,9,0,0,0,0
107,21,-44,68,68,-6.49786,4.88556,-6.49786,0,5.76255,9,0,0,0,0
108,1,-44,69,69,-2.59616,-2.92438,-2.59616,0.33,6.26495,9,0,0,0,0
109,21,-44,70,70,2.23595,-5.73607,2.23595,0,3.24501,9,0,0,0,0
110,21,-44,71,71,1.01451,-1.15489,1.01451,0,3.24501,9,0,0,0,0
111,21,-44,72,72,2.95359,1.40147,2.95359,0,3.18458,9,0,0,0,0
112,21,-44,73,73,5.30492,0.563222,5.30492,0,2.63498,9,0,0,0,0
113,21,-44,78,78,1.01739,0.953469,1.01739,0,1.92339,9,0,0,0,0
114,21,-44,80,80,0.524903,1.04227,0.524903,0,1.92339,9,0,0,0,0
115,21,-44,79,79,0.330254,-3.308,0.330254,0,1.92339,9,0,0,0,0
116,21,-43,101,0,-1.23704,-0.920469,-1.23704,0,1.54193,9,0,0,0,0
117,21,-51,115,0,1.59134,-2.9774,1.59134,0,1.52257,9,0,0,0,0
118,21,-51,115,0,-1.1957,-0.200778,-1.1957,0,1.52257,9,0,0,0,0
119,21,-52,114,114,0.459523,0.912449,0.459523,0,1.52257,9,0,0,0,0
120,21,-51,95,0,-1.20455,2.59765,-1.20455,0,1.48348,9,0,0,0,0
121,21,-51,95,0,-1.13127,-1.02199,-1.13127,0,1.48348,9,0,0,0,0
122,21,-52,96,96,1.09515,1.42593,1.09515,0,1.48348,9,0,0,0,0
123,21,-51,106,0,-30.2066,8.82578,-30.2066,0,1.41607,9,0,0,0,0
124,21,-51,106,0,-1.00031,-0.144625,-1.00031,0,1.41607,9,0,0,0,0
125,21,-52,111,111,2.76886,1.31382,2.76886,0,1.41607,9,0,0,0,0
126,21,-51,119,0,0.639693,-0.762546,0.639693,0,1.32715,9,0,0,0,0
127,21,-51,119,0,-0.765435,1.57672,-0.765435,0,1.32715,9,0,0,0,0
128,21,-52,118,118,-0.610439,-0.102503,-0.610439,0,1.32715,9,0,0,0,0
129,21,-42,274,274,8.40439e-14,2.38809e-13,8.40439e-14,0,2.82982,9,0,0,0,0
130,21,-41,223,223,-1.27898e-13,-3.48166e-13,-1.27898e-13,0,2.82982,9,0,0,0,0
131,21,-44,94,94,1.38308,-2.59777,1.38308,0,2.82982,9,0,0,0,0
132,21,-44,120,120,-0.957148,3.29925,-0.957148,0,1.48348,9,0,0,0,0
133,21,-44,122,122,1.09519,1.42604,1.09519,0,1.48348,9,0,0,0,0
134,21,-44,121,121,-1.09165,-0.909619,-1.09165,0,1.48348,9,0,0,0,0
135,21,-43,130,0,-0.429466,-1.2179,-0.429466,0,1.29141,9,0,0,0,0
136,21,-42,241,241,1.41165e-12,-1.1488e-12,1.41165e-12,0,2.59905,9,0,0,0,0
137,21,-41,459,459,4.54747e-13,-3.41061e-13,4.54747e-13,0,2.59905,9,0,0,0,0
138,21,-44,83,83,1.56173,-0.450301,1.56173,0,1.88469,9,0,0,0,0
139,21,-44,81,81,-0.627752,0.756154,-0.627752,0,1.88469,9,0,0,0,0
140,21,-44,82,82,0.0654692,-1.11644,0.0654692,0,1.88469,9,0,0,0,0
141,21,-43,137,0,-0.999449,0.810589,-0.999449,0,1.28689,9,0,0,0,0
142,21,-51,131,0,0.548299,-3.28391,0.548299,0,1.25234,9,0,0,0,0
143,21,-51,131,0,0.832026,0.678337,0.832026,0,1.25234,9,0,0,0,0
144,21,-52,135,135,-0.426713,-1.2101,-0.426713,0,1.25234,9,0,0,0,0
145,21,-51,109,0,2.27693,-4.46142,2.27693,0,1.19402,9,0,0,0,0
146,21,-51,109,0,-0.274764,-1.09887,-0.274764,0,1.19402,9,0,0,0,0
147,21,-52,107,107,-6.26408,4.70979,-6.26408,0,1.19402,9,0,0,0,0
148,21,-51,117,0,1.27143,-3.07251,1.27143,0,1.17494,9,0,0,0,0
149,21,-51,117,0,0.703231,0.454346,0.703231,0,1.17494,9,0,0,0,0
150,21,-52,113,113,0.634069,0.594233,0.634069,0,1.17494,9,0,0,0,0
151,21,-51,104,0,8.99214,-2.56564,8.99214,0,1.12422,9,0,0,0,0
152,21,-51,104,0,14.4613,-4.33968,14.4613,0,1.12422,9,0,0,0,0
153,21,-52,126,126,0.620568,-0.739748,0.620568,0,1.12422,9,0,0,0,0
154,21,-51,97,0,-1.33291,-0.235064,-1.33291,0,1.10712,9,0,0,0,0
155,21,-51,97,0,-0.542651,1.05531,-0.542651,0,1.10712,9,0,0,0,0
156,21,-52,98,98,0.479849,0.542753,0.479849,0,1.10712,9,0,0,0,0
157,21,-31,482,482,0,0,0,0,1.10517,9,0,0,0,0
158,21,-31,483,483,0,0,0,0,1.10517,9,0,0,0,0
159,21,-33,157,158,-0.739746,0.821087,-0.739746,0,1.10517,9,0,0,0,0
160,21,-33,157,158,0.739746,-0.821087,0.739746,0,1.10517,9,0,0,0,0
161,21,-51,110,0,-0.334717,0.0659788,-0.334717,0,1.09698,9,0,0,0,0
162,21,-51,110,0,2.82458,-1.64182,2.82458,0,1.09698,9,0,0,0,0
163,21,-52,151,151,7.51679,-2.14469,7.51679,0,1.09698,9,0,0,0,0
164,21,-51,125,0,2.81945,0.930094,2.81945,0,1.09313,9,0,0,0,0
165,21,-51,125,0,0.137126,0.840339,0.137126,0,1.09313,9,0,0,0,0
166,-1,-52,105,105,0.756766,1.80743,0.756766,0.33,1.09313,9,0,0,0,0
167,21,-51,143,0,0.276362,1.15285,0.276362,0,1.09196,9,0,0,0,0
168,21,-51,143,0,0.531941,-0.54179,0.531941,0,1.09196,9,0,0,0,0
169,21,-52,144,144,-0.40299,-1.14282,-0.40299,0,1.09196,9,0,0,0,0
170,21,-51,146,0,-0.727657,0.432914,-0.727657,0,1.04779,9,0,0,0,0
171,21,-51,146,0,-0.144242,-1.08282,-0.144242,0,1.04779,9,0,0,0,0
172,21,-52,147,147,-5.66695,4.26082,-5.66695,0,1.04779,9,0,0,0,0
173,21,-51,87,0,3.03285,1.03916,3.03285,0,0.974103,9,0,0,0,0
174,21,-51,87,0,1.71732,-0.089242,1.71732,0,0.974103,9,0,0,0,0
175,21,-52,154,154,-1.30787,-0.230648,-1.30787,0,0.974103,9,0,0,0,0
176,1,-51,108,0,-0.762589,-2.25268,-0.762589,0.33,0.972274,9,0,0,0,0
177,21,-51,108,0,-1.67571,-0.482761,-1.67571,0,0.972274,9,0,0,0,0
178,21,-52,102,102,6.33218,7.5785,6.33218,0,0.972274,9,0,0,0,0
179,2,-51,133,0,0.607503,0.597309,0.607503,0.33,0.961852,9,0,0,0,0
180,-2,-51,133,0,0.48052,0.822763,0.48052,0.33,0.961852,9,0,0,0,0
181,21,-52,134,134,-1.08449,-0.903649,-1.08449,0,0.961852,9,0,0,0,0
182,21,-51,127,0,-0.139845,-0.395831,-0.139845,0,0.947564,9,0,0,0,0
183,21,-51,127,0,-0.280967,1.56174,-0.280967,0,0.947564,9,0,0,0,0
184,21,-52,153,153,0.275945,-0.32894,0.275945,0,0.947564,9,0,0,0,0
185,21,-51,123,0,-11.0013,3.14921,-11.0013,0,0.931686,9,0,0,0,0
186,21,-51,123,0,-19.367,5.65318,-19.367,0,0.931686,9,0,0,0,0
187,21,-52,124,124,-0.838547,-0.121237,-0.838547,0,0.931686,9,0,0,0,0
188,21,-51,173,0,0.200731,-0.347139,0.200731,0,0.918407,9,0,0,0,0
189,21,-51,173,0,3.82099,1.33491,3.82099,0,0.918407,9,0,0,0,0
190,21,-52,174,174,0.728457,-0.0378549,0.728457,0,0.918407,9,0,0,0,0
191,21,-51,99,0,-0.568209,1.46388,-0.568209,0,0.910259,9,0,0,0,0
192,21,-51,99,0,1.01978,0.381524,1.01978,0,0.910259,9,0,0,0,0
193,21,-52,156,156,0.450008,0.509,0.450008,0,0.910259,9,0,0,0,0
194,21,-51,172,0,-5.33706,4.5626,-5.33706,0,0.906356,9,0,0,0,0
195,21,-51,172,0,-0.329884,-0.301785,-0.329884,0,0.906356,9,0,0,0,0
196,21,-53,324,0,2.34459e-13,2.20268e-13,2.34459e-13,0,0,9,0,0,0,0
197,21,-51,194,0,-3.40114,1.71491,-3.40114,0,0.859971,9,0,0,0,0
198,21,-51,194,0,-1.95316,2.71825,-1.95316,0,0.859971,9,0,0,0,0
199,21,-52,171,171,-0.126999,-0.953375,-0.126999,0,0.859971,9,0,0,0,0
200,21,-51,181,0,-1.52887,-0.607927,-1.52887,0,0.847594,9,0,0,0,0
201,21,-51,181,0,0.45495,-0.277665,0.45495,0,0.847594,9,0,0,0,0
202,-2,-52,180,180,0.469955,0.804705,0.469955,0.33,0.847594,9,0,0,0,0
203,21,-51,200,0,0.227622,-0.200709,0.227622,0,0.800708,9,0,0,0,0
204,21,-51,200,0,-1.37904,-0.637585,-1.37904,0,0.800708,9,0,0,0,0
205,21,-52,201,201,0.0774967,-0.0472977,0.0774967,0,0.800708,9,0,0,0,0
206,21,-51,167,0,0.777182,1.26168,0.777182,0,0.796501,9,0,0,0,0
207,21,-51,167,0,-0.382799,-0.229033,-0.382799,0,0.796501,9,0,0,0,0
208,21,-52,168,168,0.41392,-0.421584,0.41392,0,0.796501,9,0,0,0,0
209,21,-51,103,0,-1.79208,-6.27322,-1.79208,0,0.788769,9,0,0,0,0
210,21,-51,103,0,-0.752027,-0.283678,-0.752027,0,0.788769,9,0,0,0,0
211,21,-52,116,116,-1.22058,-0.908218,-1.22058,0,0.788769,9,0,0,0,0
212,21,-51,210,0,0.545559,-0.0675471,0.545559,0,0.780692,9,0,0,0,0
213,21,-51,210,0,-1.37721,-0.27538,-1.37721,0,0.780692,9,0,0,0,0
214,21,-52,211,211,-1.14095,-0.848969,-1.14095,0,0.780692,9,0,0,0,0
215,21,-51,197,0,-3.17859,1.73614,-3.17859,0,0.77874,9,0,0,0,0
216,21,-51,197,0,-0.475834,-0.252933,-0.475834,0,0.77874,9,0,0,0,0
217,21,-52,195,195,-0.0766035,-0.0700786,-0.0766035,0,0.77874,9,0,0,0,0
218,1,-51,112,0,1.64729,0.0298556,1.64729,0.33,0.772985,9,0,0,0,0
219,-1,-51,112,0,4.15771,1.13188,4.15771,0.33,0.772985,9,0,0,0,0
220,21,-52,178,178,5.8321,6.97998,5.8321,0,0.772985,9,0,0,0,0
221,21,-51,132,0,-0.16169,1.2822,-0.16169,0,0.770474,9,0,0,0,0
222,21,-51,132,0,-0.795458,2.01704,-0.795458,0,0.770474,9,0,0,0,0
223,21,-53,310,310,7.6829e-13,-6.96332e-13,7.6829e-13,0,0,9,0,0,0,0
224,21,-51,184,0,1.00358,0.050553,1.00358,0,0.744274,9,0,0,0,0
225,21,-51,184,0,0.366632,-0.70787,0.366632,0,0.744274,9,0,0,0,0
226,21,-52,152,152,13.367,-4.01131,13.367,0,0.744274,9,0,0,0,0
227,21,-51,90,0,-1.19084,-0.926163,-1.19084,0,0.743334,9,0,0,0,0
228,21,-51,90,0,0.151645,-0.969637,0.151645,0,0.743334,9,0,0,0,0
229,21,-52,86,86,-0.986906,-1.83772,-0.986906,0,0.743334,9,0,0,0,0
230,21,-51,225,0,3.68497,-1.44161,3.68497,0,0.742542,9,0,0,0,0
231,21,-51,225,0,1.20659,-0.624144,1.20659,0,0.742542,9,0,0,0,0
232,21,-52,226,226,8.84212,-2.65343,8.84212,0,0.742542,9,0,0,0,0
233,21,-51,191,0,-0.822176,1.14386,-0.822176,0,0.730789,9,0,0,0,0
234,21,-51,191,0,0.100675,0.0345796,0.100675,0,0.730789,9,0,0,0,0
235,21,-52,229,229,-0.833614,-1.55227,-0.833614,0,0.730789,9,0,0,0,0
236,21,-51,185,0,-12.6154,2.94967,-12.6154,0,0.706746,9,0,0,0,0
237,21,-51,185,0,-8.69802,3.20961,-8.69802,0,0.706746,9,0,0,0,0
238,21,-52,186,186,-9.05494,2.64311,-9.05494,0,0.706746,9,0,0,0,0
239,21,-51,141,0,-0.460183,1.25186,-0.460183,0,0.686455,9,0,0,0,0
240,21,-51,141,0,-0.539267,-0.441267,-0.539267,0,0.686455,9,0,0,0,0
241,21,-53,458,458,2.8233e-12,-2.29761e-12,2.8233e-12,0,0,9,0,0,0,0
242,21,-51,215,0,-0.156237,0.175391,-0.156237,0,0.680928,9,0,0,0,0
243,21,-51,215,0,-4.23264,3.24513,-4.23264,0,0.680928,9,0,0,0,0
244,21,-52,198,198,-0.742876,1.03387,-0.742876,0,0.680928,9,0,0,0,0
245,21,-51,238,0,-9.29592,2.72322,-9.29592,0,0.670459,9,0,0,0,0
246,21,-51,238,0,-0.0540917,-0.122772,-0.0540917,0,0.670459,9,0,0,0,0
247,21,-52,187,187,-0.543469,-0.0785748,-0.543469,0,0.670459,9,0,0,0,0
248,21,-51,236,0,-11.4092,2.08398,-11.4092,0,0.668993,9,0,0,0,0
249,21,-51,236,0,-1.22907,0.785851,-1.22907,0,0.668993,9,0,0,0,0
250,21,-52,209,209,-1.76927,-6.19337,-1.76927,0,0.668993,9,0,0,0,0
251,21,-51,220,0,5.6461,5.97439,5.6461,0,0.625925,9,0,0,0,0
252,21,-51,220,0,0.0846265,0.976388,0.0846265,0,0.625925,9,0,0,0,0
253,21,-52,177,177,-1.57434,-0.453558,-1.57434,0,0.625925,9,0,0,0,0
254,21,-51,250,0,-1.80486,-5.73369,-1.80486,0,0.597651,9,0,0,0,0
255,21,-51,250,0,-0.0791401,-0.386327,-0.0791401,0,0.597651,9,0,0,0,0
256,21,-52,249,249,-1.11434,0.712496,-1.11434,0,0.597651,9,0,0,0,0
257,-2,-51,214,0,0.0234865,-0.348728,0.0234865,0.33,0.590984,9,0,0,0,0
258,2,-51,214,0,-1.28689,-0.524727,-1.28689,0.33,0.590984,9,0,0,0,0
259,21,-52,213,213,-1.25476,-0.250894,-1.25476,0,0.590984,9,0,0,0,0
260,21,-51,164,0,2.63969,0.645878,2.63969,0,0.589877,9,0,0,0,0
261,21,-51,164,0,0.207077,0.451612,0.207077,0,0.589877,9,0,0,0,0
262,21,-52,165,165,0.109811,0.672943,0.109811,0,0.589877,9,0,0,0,0
263,21,-51,251,0,6.25898,6.08072,6.25898,0,0.586124,9,0,0,0,0
264,21,-51,251,0,0.156111,0.0835856,0.156111,0,0.586124,9,0,0,0,0
265,-1,-52,219,219,3.38873,0.941967,3.38873,0.33,0.586124,9,0,0,0,0
266,21,-51,204,0,-0.708443,0.189419,-0.708443,0,0.582825,9,0,0,0,0
267,21,-51,204,0,-0.550193,-0.93317,-0.550193,0,0.582825,9,0,0,0,0
268,21,-52,203,203,0.107219,-0.0945418,0.107219,0,0.582825,9,0,0,0,0
269,21,-51,259,0,-1.37828,-0.654262,-1.37828,0,0.576052,9,0,0,0,0
270,21,-51,259,0,0.0522981,0.374223,0.0522981,0,0.576052,9,0,0,0,0
271,2,-52,258,258,-1.21566,-0.495582,-1.21566,0.33,0.576052,9,0,0,0,0
272,21,-51,142,0,0.415714,-0.559757,0.415714,0,0.571676,9,0,0,0,0
273,21,-51,142,0,0.132585,-2.72415,0.132585,0,0.571676,9,0,0,0,0
274,21,-53,439,439,1.68088e-13,4.77618e-13,1.68088e-13,0,0,9,0,0,0,0
275,21,-51,237,0,-6.95015,2.70447,-6.95015,0,0.568749,9,0,0,0,0
276,21,-51,237,0,-6.99789,1.4641,-6.99789,0,0.568749,9,0,0,0,0
277,21,-52,248,248,-6.15914,1.12502,-6.15914,0,0.568749,9,0,0,0,0
278,21,-51,199,0,-0.032963,-0.517676,-0.032963,0,0.566535,9,0,0,0,0
279,21,-51,199,0,-0.365323,-0.274299,-0.365323,0,0.566535,9,0,0,0,0
280,21,-52,170,170,-0.456369,0.271514,-0.456369,0,0.566535,9,0,0,0,0
281,21,-51,205,0,0.607379,-0.0984448,0.607379,0,0.561852,9,0,0,0,0
282,21,-51,205,0,-0.453538,0.182702,-0.453538,0,0.561852,9,0,0,0,0
283,-2,-52,202,202,0.393611,0.67315,0.393611,0.33,0.561852,9,0,0,0,0
284,21,-51,145,0,0.883014,-2.8855,0.883014,0,0.561727,9,0,0,0,0
285,21,-51,145,0,1.36913,-1.57104,1.36913,0,0.561727,9,0,0,0,0
286,21,-52,161,161,-0.309935,0.0610939,-0.309935,0,0.561727,9,0,0,0,0
287,21,-51,252,0,-0.107275,0.129375,-0.107275,0,0.560247,9,0,0,0,0
288,21,-51,252,0,2.3105,2.90527,2.3105,0,0.560247,9,0,0,0,0
289,21,-52,263,263,4.14038,4.02246,4.14038,0,0.560247,9,0,0,0,0
290,21,-51,163,0,2.45086,-0.836952,2.45086,0,0.550213,9,0,0,0,0
291,21,-51,163,0,9.33147,-2.58778,9.33147,0,0.550213,9,0,0,0,0
292,21,-52,232,232,4.57657,-1.37338,4.57657,0,0.550213,9,0,0,0,0
293,21,-51,261,0,0.878287,0.945157,0.878287,0,0.546453,9,0,0,0,0
294,21,-51,261,0,1.31001,-0.00878165,1.31001,0,0.546453,9,0,0,0,0
295,21,-52,260,260,0.658473,0.161115,0.658473,0,0.546453,9,0,0,0,0
296,21,-51,212,0,0.368899,0.0308506,0.368899,0,0.546287,9,0,0,0,0
297,21,-51,212,0,-0.406196,-0.375075,-0.406196,0,0.546287,9,0,0,0,0
298,21,-52,269,269,-0.795427,-0.377584,-0.795427,0,0.546287,9,0,0,0,0
299,21,-51,193,0,0.273289,0.668937,0.273289,0,0.539739,9,0,0,0,0
300,21,-51,193,0,0.307928,-0.110849,0.307928,0,0.539739,9,0,0,0,0
301,21,-52,192,192,0.888568,0.332435,0.888568,0,0.539739,9,0,0,0,0
302,21,-51,222,0,-0.96596,2.63195,-0.96596,0,0.533976,9,0,0,0,0
303,21,-51,222,0,0.0940681,-0.00878436,0.0940681,0,0.533976,9,0,0,0,0
304,21,-52,221,221,-0.0852557,0.676077,-0.0852557,0,0.533976,9,0,0,0,0
305,21,-51,275,0,-0.298485,0.278817,-0.298485,0,0.522856,9,0,0,0,0
306,21,-51,275,0,-11.8161,3.50616,-11.8161,0,0.522856,9,0,0,0,0
307,21,-52,276,276,-1.83344,0.383594,-1.83344,0,0.522856,9,0,0,0,0
308,1,-51,302,0,-0.300492,2.02432,-0.300492,0.33,0.515435,9,0,0,0,0
309,-1,-51,302,0,-0.665468,0.607638,-0.665468,0.33,0.515435,9,0,0,0,0
310,21,-53,440,440,1.39563e-12,-1.39266e-12,1.39563e-12,0,0,9,0,0,0,0
311,21,-51,262,0,0.0614187,-0.00276936,0.0614187,0,0.50473,9,0,0,0,0
312,21,-51,262,0,0.453881,1.11207,0.453881,0,0.50473,9,0,0,0,0
313,21,-52,293,293,0.472798,0.508796,0.472798,0,0.50473,9,0,0,0,0
314,21,-51,278,0,-0.291212,-0.920907,-0.291212,0,0.502088,9,0,0,0,0
315,21,-51,278,0,0.005163,0.213204,0.005163,0,0.502088,9,0,0,0,0
316,21,-52,279,279,-0.112237,-0.084272,-0.112237,0,0.502088,9,0,0,0,0
317,21,-51,138,0,0.458444,0.252902,0.458444,0,0.501675,9,0,0,0,0
318,21,-51,138,0,1.10913,-0.802853,1.10913,0,0.501675,9,0,0,0,0
319,21,-52,140,140,0.0596256,-1.01679,0.0596256,0,0.501675,9,0,0,0,0
320,21,-51,160,0,0.470007,0.157361,0.470007,0,0.500494,9,0,0,0,0
321,21,-51,160,0,0.175906,-0.874297,0.175906,0,0.500494,9,0,0,0,0
322,21,-52,159,159,-0.645913,0.716936,-0.645913,0,0.500494,9,0,0,0,0
323,21,-42,381,381,6.90108e-14,6.97879e-14,6.90108e-14,0,0,9,0,0,0,0
324,1,-41,382,382,-6.90038e-14,-6.97914e-14,-6.90038e-14,0,0,9,0,0,0,0
325,21,-44,289,289,4.14044,4.02253,4.14044,0,0.560247,9,0,0,0,0
326,21,-44,254,254,-1.8015,-5.73029,-1.8015,0,0.597651,9,0,0,0,0
327,21,-44,290,290,2.45088,-0.836929,2.45088,0,0.550213,9,0,0,0,0
328,-1,-44,166,166,0.756803,1.80746,0.756803,0.33,1.09313,9,0,0,0,0
329,21,-44,277,277,-6.15832,1.12585,-6.15832,0,0.568749,9,0,0,0,0
330,21,-44,242,242,-0.156234,0.175394,-0.156234,0,0.680928,9,0,0,0,0
331,1,-44,176,176,-0.762569,-2.25266,-0.762569,0.33,0.972274,9,0,0,0,0
332,21,-44,284,284,0.883076,-2.88543,0.883076,0,0.561727,9,0,0,0,0
333,21,-44,286,286,-0.309934,0.0610946,-0.309934,0,0.561727,9,0,0,0,0
334,21,-44,295,295,0.65854,0.161182,0.65854,0,0.546453,9,0,0,0,0
335,1,-44,218,218,1.6473,0.0298681,1.6473,0.33,0.772985,9,0,0,0,0
336,21,-44,150,150,0.634069,0.594233,0.634069,0,1.17494,9,0,0,0,0
337,21,-44,224,224,1.00358,0.0505547,1.00358,0,0.744274,9,0,0,0,0
338,21,-44,148,148,1.27143,-3.07251,1.27143,0,1.17494,9,0,0,0,0
339,-2,-44,257,257,0.0250474,-0.34715,0.0250474,0.33,0.590984,9,0,0,0,0
340,21,-44,128,128,-0.610439,-0.102503,-0.610439,0,1.32715,9,0,0,0,0
341,21,-44,247,247,-0.543322,-0.0784259,-0.543322,0,0.670459,9,0,0,0,0
342,21,-44,182,182,-0.139844,-0.39583,-0.139844,0,0.947564,9,0,0,0,0
343,21,-44,280,280,-0.456366,0.271517,-0.456366,0,0.566535,9,0,0,0,0
344,21,-44,149,149,0.703232,0.454346,0.703232,0,1.17494,9,0,0,0,0
345,21,-44,292,292,4.57661,-1.37335,4.57661,0,0.550213,9,0,0,0,0
346,21,-44,162,162,2.82459,-1.6418,2.82459,0,1.09698,9,0,0,0,0
347,21,-44,311,311,0.0614614,-0.00272614,0.0614614,0,0.50473,9,0,0,0,0
348,21,-44,314,314,-0.291195,-0.920891,-0.291195,0,0.502088,9,0,0,0,0
349,21,-44,253,253,-1.57432,-0.453539,-1.57432,0,0.625925,9,0,0,0,0
350,21,-44,183,183,-0.280966,1.56174,-0.280966,0,0.947564,9,0,0,0,0
351,21,-44,245,245,-9.29469,2.72446,-9.29469,0,0.670459,9,0,0,0,0
352,21,-44,217,217,-0.0766017,-0.0700768,-0.0766017,0,0.77874,9,0,0,0,0
353,21,-44,244,244,-0.742826,1.03392,-0.742826,0,0.680928,9,0,0,0,0
354,21,-44,296,296,0.370119,0.0320844,0.370119,0,0.546287,9,0,0,0,0
355,21,-44,298,298,-0.794398,-0.376543,-0.794398,0,0.546287,9,0,0,0,0
356,21,-44,216,216,-0.475803,-0.252902,-0.475803,0,0.77874,9,0,0,0,0
357,-1,-44,265,265,3.38877,0.942008,3.38877,0.33,0.586124,9,0,0,0,0
358,21,-44,230,230,3.68499,-1.44159,3.68499,0,0.742542,9,0,0,0,0
359,21,-44,231,231,1.20661,-0.624129,1.20661,0,0.742542,9,0,0,0,0
360,21,-44,305,305,-0.298428,0.278875,-0.298428,0,0.522856,9,0,0,0,0
361,21,-44,243,243,-4.23245,3.24532,-4.23245,0,0.680928,9,0,0,0,0
362,21,-44,246,246,-0.0540734,-0.122753,-0.0540734,0,0.670459,9,0,0,0,0
363,21,-44,256,256,-1.1141,0.71274,-1.1141,0,0.597651,9,0,0,0,0
364,21,-44,287,287,-0.107274,0.129376,-0.107274,0,0.560247,9,0,0,0,0
365,21,-44,255,255,-0.0790684,-0.386254,-0.0790684,0,0.597651,9,0,0,0,0
366,2,-44,271,271,-1.19435,-0.474028,-1.19435,0.33,0.576052,9,0,0,0,0
367,21,-44,313,313,0.472886,0.508885,0.472886,0,0.50473,9,0,0,0,0
368,21,-44,264,264,0.156117,0.0835912,0.156117,0,0.586124,9,0,0,0,0
369,21,-44,270,270,0.0528072,0.374738,0.0528072,0,0.576052,9,0,0,0,0
370,21,-44,307,307,-1.8332,0.383843,-1.8332,0,0.522856,9,0,0,0,0
371,21,-44,316,316,-0.112236,-0.0842711,-0.112236,0,0.502088,9,0,0,0,0
372,21,-44,285,285,1.36917,-1.571,1.36917,0,0.561727,9,0,0,0,0
373,21,-44,288,288,2.31054,2.90532,2.31054,0,0.560247,9,0,0,0,0
374,21,-44,291,291,9.33154,-2.58771,9.33154,0,0.550213,9,0,0,0,0
375,21,-44,294,294,1.31014,-0.00865117,1.31014,0,0.546453,9,0,0,0,0
376,21,-44,297,297,-0.405812,-0.374686,-0.405812,0,0.546287,9,0,0,0,0
377,21,-44,306,306,-11.8145,3.50778,-11.8145,0,0.522856,9,0,0,0,0
378,21,-44,312,312,0.453935,1.11213,0.453935,0,0.50473,9,0,0,0,0
379,21,-44,315,315,0.00517249,0.213214,0.00517249,0,0.502088,9,0,0,0,0
380,1,-43,324,0,-0.0350067,-0.0354035,-0.0350067,0.33,0.269387,9,0,0,0,0
381,21,-61,1,0,2.60602,0.94394,2.60602,0,0,9,0,0,0,0
382,1,-61,2,0,-0.0379982,0.647624,-0.0379982,0,0,9,0,0,0,0
383,21,-62,325,325,4.16277,4.03137,4.16277,0,0.560247,9,0,0,0,0
384,21,-62,326,326,-1.8034,-5.69013,-1.8034,0,0.597651,9,0,0,0,0
385,21,-62,327,327,2.46341,-0.832119,2.46341,0,0.550213,9,0,0,0,0
386,-1,-62,328,328,0.761268,1.80953,0.761268,0.33,1.09313,9,0,0,0,0
387,21,-62,329,329,-6.15689,1.13634,-6.15689,0,0.568749,9,0,0,0,0
388,21,-62,330,330,-0.15538,0.175736,-0.15538,0,0.680928,9,0,0,0,0
389,1,-62,331,331,-0.751007,-2.24822,-0.751007,0.33,0.972274,9,0,0,0,0
390,21,-62,332,332,0.889168,-2.88247,0.889168,0,0.561727,9,0,0,0,0
391,21,-62,333,333,-0.303807,0.0633222,-0.303807,0,0.561727,9,0,0,0,0
392,21,-62,334,334,0.658783,0.162079,0.658783,0,0.546453,9,0,0,0,0
393,1,-62,335,335,1.65684,0.0334752,1.65684,0.33,0.772985,9,0,0,0,0
394,21,-62,336,336,0.787711,0.649887,0.787711,0,1.17494,9,0,0,0,0
395,21,-62,337,337,1.02872,0.0596811,1.02872,0,0.744274,9,0,0,0,0
396,21,-62,338,338,2.78102,-2.52571,2.78102,0,1.17494,9,0,0,0,0
397,-2,-62,339,339,0.0239629,-0.328562,0.0239629,0.33,0.590984,9,0,0,0,0
398,21,-62,340,340,-0.454007,-0.0458397,-0.454007,0,1.32715,9,0,0,0,0
399,21,-62,341,341,-0.543339,-0.0766417,-0.543339,0,0.670459,9,0,0,0,0
400,21,-62,342,342,-0.129722,-0.392155,-0.129722,0,0.947564,9,0,0,0,0
401,21,-62,343,343,-0.453135,0.272732,-0.453135,0,0.566535,9,0,0,0,0
402,21,-62,344,344,1.01726,0.568094,1.01726,0,1.17494,9,0,0,0,0
403,21,-62,345,345,4.60754,-1.36177,4.60754,0,0.550213,9,0,0,0,0
404,21,-62,346,346,2.85502,-1.6306,2.85502,0,1.09698,9,0,0,0,0
405,21,-62,347,347,0.0614353,-0.00221597,0.0614353,0,0.50473,9,0,0,0,0
406,21,-62,348,348,-0.288849,-0.919839,-0.288849,0,0.502088,9,0,0,0,0
407,21,-62,349,349,-1.5681,-0.451069,-1.5681,0,0.625925,9,0,0,0,0
408,21,-62,350,350,-0.139811,1.61288,-0.139811,0,0.947564,9,0,0,0,0
409,21,-62,351,351,-9.29235,2.74026,-9.29235,0,0.670459,9,0,0,0,0
410,21,-62,352,352,-0.0763494,-0.0699638,-0.0763494,0,0.77874,9,0,0,0,0
411,21,-62,353,353,-0.741496,1.03501,-0.741496,0,0.680928,9,0,0,0,0
412,21,-62,354,354,0.369272,0.0466123,0.369272,0,0.546287,9,0,0,0,0
413,21,-62,355,355,-0.795086,-0.364272,-0.795086,0,0.546287,9,0,0,0,0
414,21,-62,356,356,-0.475423,-0.252396,-0.475423,0,0.77874,9,0,0,0,0
415,-1,-62,357,357,3.4017,0.947185,3.4017,0.33,0.586124,9,0,0,0,0
416,21,-62,358,358,3.71464,-1.43057,3.71464,0,0.742542,9,0,0,0,0
417,21,-62,359,359,1.21193,-0.622024,1.21193,0,0.742542,9,0,0,0,0
418,21,-62,360,360,-0.298346,0.279603,-0.298346,0,0.522856,9,0,0,0,0
419,21,-62,361,361,-4.22636,3.24985,-4.22636,0,0.680928,9,0,0,0,0
420,21,-62,362,362,-0.054045,-0.12252,-0.054045,0,0.670459,9,0,0,0,0
421,21,-62,363,363,-1.11396,0.715726,-1.11396,0,0.597651,9,0,0,0,0
422,21,-62,364,364,-0.105887,0.129889,-0.105887,0,0.560247,9,0,0,0,0
423,21,-62,365,365,-0.0790278,-0.385368,-0.0790278,0,0.597651,9,0,0,0,0
424,2,-62,366,366,-1.20924,-0.220258,-1.20924,0.33,0.576052,9,0,0,0,0
425,21,-62,367,367,0.473054,0.510021,0.473054,0,0.50473,9,0,0,0,0
426,21,-62,368,368,0.156351,0.0837433,0.156351,0,0.586124,9,0,0,0,0
427,21,-62,369,369,0.0524635,0.380803,0.0524635,0,0.576052,9,0,0,0,0
428,21,-62,370,370,-1.83277,0.386997,-1.83277,0,0.522856,9,0,0,0,0
429,21,-62,371,371,-0.11131,-0.0839248,-0.11131,0,0.502088,9,0,0,0,0
430,21,-62,372,372,1.37425,-1.56873,1.37425,0,0.561727,9,0,0,0,0
431,21,-62,373,373,2.32411,2.91075,2.32411,0,0.560247,9,0,0,0,0
432,21,-62,374,374,9.3897,-2.56582,9.3897,0,0.550213,9,0,0,0,0
433,21,-62,375,375,1.3106,-0.00691223,1.3106,0,0.546453,9,0,0,0,0
434,21,-62,376,376,-0.406047,-0.370096,-0.406047,0,0.546287,9,0,0,0,0
435,21,-62,377,377,-11.8116,3.52821,-11.8116,0,0.522856,9,0,0,0,0
436,21,-62,378,378,0.455014,1.11318,0.455014,0,0.50473,9,0,0,0,0
437,21,-62,379,379,0.00536701,0.2134,0.00536701,0,0.502088,9,0,0,0,0
438,1,-62,380,380,-0.0485482,0.195395,-0.0485482,0.33,0.269387,9,0,0,0,0
439,21,-61,1,0,-0.97808,-0.743628,-0.97808,0,0,9,0,0,0,0
440,21,-61,2,0,0.599813,1.15766,0.599813,0,0,9,0,0,0,0
441,21,-62,272,272,0.416952,-0.557274,0.416952,0,0.571676,9,0,0,0,0
442,21,-62,304,304,-0.0848362,0.677086,-0.0848362,0,0.533976,9,0,0,0,0
443,2,-62,179,179,-0.328073,-0.114003,-0.328073,0.33,0.961852,9,0,0,0,0
444,21,-62,268,268,0.106911,-0.0947598,0.106911,0,0.582825,9,0,0,0,0
445,21,-62,169,169,0.150424,-0.0747108,0.150424,0,1.09196,9,0,0,0,0
446,21,-62,206,206,0.782372,1.2718,0.782372,0,0.796501,9,0,0,0,0
447,21,-62,208,208,0.438756,-0.373644,0.438756,0,0.796501,9,0,0,0,0
448,-2,-62,283,283,0.36039,0.647898,0.36039,0.33,0.561852,9,0,0,0,0
449,21,-62,281,281,0.605013,-0.100204,0.605013,0,0.561852,9,0,0,0,0
450,21,-62,266,266,-0.708829,0.189358,-0.708829,0,0.582825,9,0,0,0,0
451,21,-62,207,207,-0.377899,-0.219565,-0.377899,0,0.796501,9,0,0,0,0
452,1,-62,308,308,-0.297574,2.03029,-0.297574,0.33,0.515435,9,0,0,0,0
453,21,-62,267,267,-0.550238,-0.932641,-0.550238,0,0.582825,9,0,0,0,0
454,21,-62,273,273,0.134676,-2.71942,0.134676,0,0.571676,9,0,0,0,0
455,21,-62,282,282,-0.457644,0.179595,-0.457644,0,0.561852,9,0,0,0,0
456,21,-62,303,303,0.0945528,-0.00784417,0.0945528,0,0.533976,9,0,0,0,0
457,-1,-62,309,309,-0.663219,0.612078,-0.663219,0.33,0.515435,9,0,0,0,0
458,21,-61,1,0,0.292184,1.64842,0.292184,0,0,9,0,0,0,0
459,21,-61,2,0,0.00917001,0.717043,0.00917001,0,2.59905,9,0,0,0,0
460,21,-62,317,317,0.512222,0.556361,0.512222,0,0.501675,9,0,0,0,0
461,21,-62,139,139,-0.487194,1.54923,-0.487194,0,1.88469,9,0,0,0,0
462,21,-62,319,319,0.0724213,-0.943884,0.0724213,0,0.501675,9,0,0,0,0
463,21,-62,239,239,-0.452501,1.84921,-0.452501,0,0.686455,9,0,0,0,0
464,21,-62,240,240,-0.537711,-0.32225,-0.537711,0,0.686455,9,0,0,0,0
465,21,-62,318,318,1.19412,-0.323202,1.19412,0,0.501675,9,0,0,0,0
466,21,-61,1,0,-3.8796,0.212089,-3.8796,0,2.37028,9,0,0,0,0
467,21,-61,2,0,-0.293483,-2.13487,-0.293483,0,2.37028,9,0,0,0,0
468,21,-62,235,235,-1.07221,-1.53989,-1.07221,0,0.730789,9,0,0,0,0
469,21,-62,188,188,0.191944,-0.410122,0.191944,0,0.918407,9,0,0,0,0
470,21,-62,175,175,-1.31868,-0.238731,-1.31868,0,0.974103,9,0,0,0,0
471,21,-62,233,233,-0.944382,1.14972,-0.944382,0,0.730789,9,0,0,0,0
472,21,-62,227,227,-2.68148,-0.844817,-2.68148,0,0.743334,9,0,0,0,0
473,21,-62,91,91,-1.85626,-0.983509,-1.85626,0,1.81887,9,0,0,0,0
474,21,-62,299,299,0.269409,0.649841,0.269409,0,0.539739,9,0,0,0,0
475,21,-62,155,155,-0.548799,1.02772,-0.548799,0,1.10712,9,0,0,0,0
476,21,-62,190,190,0.713319,-0.146314,0.713319,0,0.918407,9,0,0,0,0
477,21,-62,189,189,3.63959,0.019212,3.63959,0,0.918407,9,0,0,0,0
478,21,-62,301,301,0.84549,0.333864,0.84549,0,0.539739,9,0,0,0,0
479,21,-62,228,228,-1.8126,-0.862266,-1.8126,0,0.743334,9,0,0,0,0
480,21,-62,234,234,0.0999147,0.0338126,0.0999147,0,0.730789,9,0,0,0,0
481,21,-62,300,300,0.301658,-0.111301,0.301658,0,0.539739,9,0,0,0,0
482,21,-61,1,0,-0.126673,-0.579602,-0.126673,0,1.10517,9,0,0,0,0
483,21,-61,2,0,-0.144181,-0.107551,-0.144181,0,1.10517,9,0,0,0,0
484,21,-62,322,322,-0.759182,0.270078,-0.759182,0,0.500494,9,0,0,0,0
485,21,-62,320,320,0.42803,0.0684831,0.42803,0,0.500494,9,0,0,0,0
486,21,-62,321,321,0.0602975,-1.02571,0.0602975,0,0.500494,9,0,0,0,0
487,2203,-63,1,0,1.02813,-1.04072,1.02813,0.77133,0,9,0,0,0,0
488,1,-63,1,0,1.05802,-0.4405,1.05802,0.33,0,9,0,0,0,0
489,2203,-63,2,0,-0.133321,-0.279914,-0.133321,0.77133,0,9,0,0,0,0
490,21,-73,410,414,-0.551773,-0.32236,-0.551773,0.303885,0,9,0,0,0,0
491,21,-73,401,429,-0.564444,0.188807,-0.564444,0.304759,0,9,0,0,0,0
492,21,-73,403,432,13.9972,-3.92759,13.9972,0.530039,0,9,0,0,0,0
493,21,-73,444,481,0.408569,-0.20606,0.408569,0.192928,0,9,0,0,0,0
494,-2,-73,448,460,0.872612,1.20426,0.872612,0.555718,0,9,0,0,0,0
495,21,-73,442,480,0.0150785,0.710898,0.0150785,0.346372,0,9,0,0,0,0
496,21,-73,449,478,1.4505,0.233659,1.4505,0.524035,0,9,0,0,0,0
497,1,-73,452,475,-0.846372,3.05801,-0.846372,0.824095,0,9,0,0,0,0
498,21,-73,387,428,-7.98966,1.52334,-7.98966,0.0894488,0,9,0,0,0,0
499,21,-73,392,433,1.96939,0.155167,1.96939,0.231893,0,9,0,0,0,0
500,21,-73,399,420,-0.597384,-0.199162,-0.597384,0.322767,0,9,0,0,0,0
501,21,-73,413,434,-1.20113,-0.734368,-1.20113,0.422597,0,9,0,0,0,0
502,2203,-73,489,445,0.0171029,-0.354625,0.0171029,0.95249,0,9,0,0,0,0
503,21,-73,451,464,-0.91561,-0.541815,-0.91561,0.422895,0,9,0,0,0,0
504,21,-73,446,474,1.05178,1.92164,1.05178,0.432926,0,9,0,0,0,0
505,21,-73,469,476,0.905263,-0.556436,0.905263,0.516864,0,9,0,0,0,0
506,2,-71,443,443,-0.328073,-0.114003,-0.328073,0.33,0.961852,9,0,0,0,0
507,2203,-71,487,487,1.02813,-1.04072,1.02813,0.77133,0,9,0,0,0,0
508,113,-82,506,507,0.0256612,-0.385785,0.0256612,0.53929,0,9,0,0,0,0
509,2224,-82,506,507,0.674399,-0.768937,0.674399,1.25152,0,9,0,0,0,0
510,1,-71,438,438,-0.0485482,0.195395,-0.0485482,0.33,0.269387,9,0,0,0,0
511,-2,-71,397,397,0.0239629,-0.328562,0.0239629,0.33,0.590984,9,0,0,0,0
512,-211,83,510,511,-0.640621,0.0745583,-0.640621,0.13957,0,9,0,0,0,9221.93
513,111,-84,510,511,0.616036,-0.207725,0.616036,0.13498,0,9,0,0,0,2.82464e-06
514,1,-71,389,389,-0.751007,-2.24822,-0.751007,0.33,0.972274,9,0,0,0,0
515,21,-71,407,407,-1.5681,-0.451069,-1.5681,0,0.625925,9,0,0,0,0
516,21,-71,422,422,-0.105887,0.129889,-0.105887,0,0.560247,9,0,0,0,0
517,21,-71,431,431,2.32411,2.91075,2.32411,0,0.560247,9,0,0,0,0
518,21,-71,383,383,4.16277,4.03137,4.16277,0,0.560247,9,0,0,0,0
519,21,-71,426,426,0.156351,0.0837433,0.156351,0,0.586124,9,0,0,0,0
520,-1,-71,415,415,3.4017,0.947185,3.4017,0.33,0.586124,9,0,0,0,0
521,-211,83,514,520,-0.541338,-2.02456,-0.541338,0.13957,0,9,0,0,0,4389.99
522,113,-84,514,520,-0.546269,-0.0316276,-0.546269,0.73634,0,9,0,0,0,0
523,211,84,514,520,-0.340594,0.340862,-0.340594,0.13957,0,9,0,0,0,2382.75
524,-213,-84,514,520,-0.238742,-0.177361,-0.238742,0.712266,0,9,0,0,0,0
525,223,-84,514,520,1.1,1.17746,1.1,0.784716,0,9,0,0,0,0
526,211,84,514,520,0.936337,1.00418,0.936337,0.13957,0,9,0,0,0,4431.61
527,-213,-84,514,520,1.73374,1.41386,1.73374,0.703532,0,9,0,0,0,0
528,2212,84,514,520,1.94674,1.78543,1.94674,0.93827,0,9,0,0,0,0
529,-2112,84,514,520,3.57006,1.91541,3.57006,0.93957,0,9,0,0,0,1.73124e+14
530,2,-71,424,424,-1.20924,-0.220258,-1.20924,0.33,0.576052,9,0,0,0,0
531,21,-71,427,427,0.0524635,0.380803,0.0524635,0,0.576052,9,0,0,0,0
532,21,-71,501,501,-1.20113,-0.734368,-1.20113,0.422597,0,9,0,0,0,0
533,21,-71,412,412,0.369272,0.0466123,0.369272,0,0.546287,9,0,0,0,0
534,21,-71,384,384,-1.8034,-5.69013,-1.8034,0,0.597651,9,0,0,0,0
535,21,-71,423,423,-0.0790278,-0.385368,-0.0790278,0,0.597651,9,0,0,0,0
536,21,-71,421,421,-1.11396,0.715726,-1.11396,0,0.597651,9,0,0,0,0
537,21,-71,498,498,-7.98966,1.52334,-7.98966,0.0894488,0,9,0,0,0,0
538,21,-71,435,435,-11.8116,3.52821,-11.8116,0,0.522856,9,0,0,0,0
539,21,-71,418,418,-0.298346,0.279603,-0.298346,0,0.522856,9,0,0,0,0
540,21,-71,409,409,-9.29235,2.74026,-9.29235,0,0.670459,9,0,0,0,0
541,21,-71,500,500,-0.597384,-0.199162,-0.597384,0.322767,0,9,0,0,0,0
542,21,-71,499,499,1.96939,0.155167,1.96939,0.231893,0,9,0,0,0,0
543,21,-71,425,425,0.473054,0.510021,0.473054,0,0.50473,9,0,0,0,0
544,21,-71,436,436,0.455014,1.11318,0.455014,0,0.50473,9,0,0,0,0
545,21,-71,405,405,0.0614353,-0.00221597,0.0614353,0,0.50473,9,0,0,0,0
546,-1,-71,386,386,0.761268,1.80953,0.761268,0.33,1.09313,9,0,0,0,0
547,223,-83,530,546,-0.0253094,0.151549,-0.0253094,0.785083,0,9,0,0,0,0
548,213,-83,530,546,-1.56802,0.144512,-1.56802,0.903795,0,9,0,0,0,0
549,311,-83,530,546,0.0434528,-0.905029,0.0434528,0.49761,0,9,0,0,0,0
550,-321,83,530,546,-0.244351,0.0446632,-0.244351,0.49368,0,9,0,0,0,5370.39
551,321,83,530,546,0.143305,0.371985,0.143305,0.49368,0,9,0,0,0,3485.18
552,-311,-83,530,546,-1.21415,-2.02984,-1.21415,0.49761,0,9,0,0,0,0
553,-211,83,530,546,0.233574,-0.229588,0.233574,0.13957,0,9,0,0,0,2443.87
554,213,-83,530,546,-0.230012,-0.544344,-0.230012,0.620087,0,9,0,0,0,0
555,-211,83,530,546,-0.220428,-0.282743,-0.220428,0.13957,0,9,0,0,0,6505.74
556,113,-83,530,546,-0.572853,-2.79711,-0.572853,0.708448,0,9,0,0,0,0
557,111,-83,530,546,-0.223482,0.58107,-0.223482,0.13498,0,9,0,0,0,3.90205e-05
558,111,-83,530,546,-0.75055,0.0332341,-0.75055,0.13498,0,9,0,0,0,3.81298e-05
559,213,-83,530,546,-1.25467,-0.598126,-1.25467,0.839279,0,9,0,0,0,0
560,-213,-83,530,546,-4.17701,1.00416,-4.17701,0.88338,0,9,0,0,0,0
561,2212,83,530,546,-7.95164,1.76324,-7.95164,0.93827,0,9,0,0,0,0
562,-2212,84,530,546,-7.88902,2.63335,-7.88902,0.93827,0,9,0,0,0,0
563,113,-84,530,546,-4.0087,1.37589,-4.0087,0.752641,0,9,0,0,0,0
564,211,84,530,546,-1.14503,0.323931,-1.14503,0.13957,0,9,0,0,0,7993.83
565,111,-84,530,546,-1.05085,0.283521,-1.05085,0.13498,0,9,0,0,0,2.03067e-05
566,311,-84,530,546,-1.17401,0.420776,-1.17401,0.49761,0,9,0,0,0,0
567,-323,-84,530,546,-1.12412,0.537779,-1.12412,0.906915,0,9,0,0,0,0
568,213,-84,530,546,0.873275,-0.231138,0.873275,0.884234,0,9,0,0,0,0
569,113,-84,530,546,0.718193,0.358905,0.718193,1.17191,0,9,0,0,0,0
570,221,-84,530,546,0.531917,0.401064,0.531917,0.54785,0,9,0,0,0,0
571,223,-84,530,546,0.650166,1.91779,0.650166,0.780576,0,9,0,0,0,0
572,311,-84,530,546,0.0182104,0.0660746,0.0182104,0.49761,0,9,0,0,0,0
573,-311,-84,530,546,0.357858,0.775349,0.357858,0.49761,0,9,0,0,0,0
574,1,-71,497,497,-0.846372,3.05801,-0.846372,0.824095,0,9,0,0,0,0
575,21,-71,456,456,0.0945528,-0.00784417,0.0945528,0,0.533976,9,0,0,0,0
576,21,-71,495,495,0.0150785,0.710898,0.0150785,0.346372,0,9,0,0,0,0
577,21,-71,493,493,0.408569,-0.20606,0.408569,0.192928,0,9,0,0,0,0
578,21,-71,453,453,-0.550238,-0.932641,-0.550238,0,0.582825,9,0,0,0,0
579,21,-71,470,470,-1.31868,-0.238731,-1.31868,0,0.974103,9,0,0,0,0
580,21,-71,450,450,-0.708829,0.189358,-0.708829,0,0.582825,9,0,0,0,0
581,21,-71,496,496,1.4505,0.233659,1.4505,0.524035,0,9,0,0,0,0
582,21,-71,471,471,-0.944382,1.14972,-0.944382,0,0.730789,9,0,0,0,0
583,21,-71,455,455,-0.457644,0.179595,-0.457644,0,0.561852,9,0,0,0,0
584,21,-71,472,472,-2.68148,-0.844817,-2.68148,0,0.743334,9,0,0,0,0
585,21,-71,479,479,-1.8126,-0.862266,-1.8126,0,0.743334,9,0,0,0,0
586,21,-71,461,461,-0.487194,1.54923,-0.487194,0,1.88469,9,0,0,0,0
587,-2,-71,494,494,0.872612,1.20426,0.872612,0.555718,0,9,0,0,0,0
588,111,-83,574,587,-0.248006,0.710498,-0.248006,0.13498,0,9,0,0,0,3.85103e-06
589,311,-83,574,587,-0.604569,2.24628,-0.604569,0.49761,0,9,0,0,0,0
590,-311,-83,574,587,0.135632,-0.421055,0.135632,0.49761,0,9,0,0,0,0
591,-211,83,574,587,-0.120567,0.663417,-0.120567,0.13957,0,9,0,0,0,1046.64
592,211,83,574,587,0.0474372,-0.412489,0.0474372,0.13957,0,9,0,0,0,21729.6
593,223,-83,574,587,-0.540243,0.197659,-0.540243,0.785303,0,9,0,0,0,0
594,311,-83,574,587,0.182311,-0.180179,0.182311,0.49761,0,9,0,0,0,0
595,-311,-83,574,587,-0.58884,-0.200511,-0.58884,0.49761,0,9,0,0,0,0
596,111,-83,574,587,-0.149835,-0.0385561,-0.149835,0.13498,0,9,0,0,0,1.4782e-06
597,2112,83,574,587,-0.645255,-0.299573,-0.645255,0.93957,0,9,0,0,0,1.09233e+13
598,-2212,84,574,587,0.120844,0.645161,0.120844,0.93827,0,9,0,0,0,0
599,111,-84,574,587,0.135068,0.0588768,0.135068,0.13498,0,9,0,0,0,4.95985e-05
600,213,-84,574,587,-0.441516,0.247674,-0.441516,0.755697,0,9,0,0,0,0
601,-213,-84,574,587,-0.284789,0.0330158,-0.284789,0.70745,0,9,0,0,0,0
602,323,-84,574,587,-0.202305,0.978166,-0.202305,0.882223,0,9,0,0,0,0
603,-311,-84,574,587,-0.229275,-0.42988,-0.229275,0.49761,0,9,0,0,0,0
604,311,-84,574,587,-0.982204,-0.457235,-0.982204,0.49761,0,9,0,0,0,0
605,333,-84,574,587,-2.00997,-0.360402,-2.00997,1.01925,0,9,0,0,0,0
606,-321,84,574,587,-0.262139,0.535169,-0.262139,0.49368,0,9,0,0,0,1590.16
607,211,84,574,587,-0.160044,0.195754,-0.160044,0.13957,0,9,0,0,0,11875
608,111,-84,574,587,-0.423648,-0.408409,-0.423648,0.13498,0,9,0,0,0,7.35323e-05
609,113,-84,574,587,0.194181,0.792212,0.194181,0.819344,0,9,0,0,0,0
610,-211,84,574,587,0.111624,1.08678,0.111624,0.13957,0,9,0,0,0,8228.42
611,1,-71,488,488,1.05802,-0.4405,1.05802,0.33,0,9,0,0,0,0
612,21,-71,394,394,0.787711,0.649887,0.787711,0,1.17494,9,0,0,0,0
613,21,-71,402,402,1.01726,0.568094,1.01726,0,1.17494,9,0,0,0,0
614,21,-71,396,396,2.78102,-2.52571,2.78102,0,1.17494,9,0,0,0,0
615,21,-71,398,398,-0.454007,-0.0458397,-0.454007,0,1.32715,9,0,0,0,0
616,21,-71,400,400,-0.129722,-0.392155,-0.129722,0,0.947564,9,0,0,0,0
617,21,-71,408,408,-0.139811,1.61288,-0.139811,0,0.947564,9,0,0,0,0
618,21,-71,395,395,1.02872,0.0596811,1.02872,0,0.744274,9,0,0,0,0
619,21,-71,416,416,3.71464,-1.43057,3.71464,0,0.742542,9,0,0,0,0
620,21,-71,417,417,1.21193,-0.622024,1.21193,0,0.742542,9,0,0,0,0
621,21,-71,492,492,13.9972,-3.92759,13.9972,0.530039,0,9,0,0,0,0
622,21,-71,385,385,2.46341,-0.832119,2.46341,0,0.550213,9,0,0,0,0
623,21,-71,404,404,2.85502,-1.6306,2.85502,0,1.09698,9,0,0,0,0
624,21,-71,391,391,-0.303807,0.0633222,-0.303807,0,0.561727,9,0,0,0,0
625,21,-71,430,430,1.37425,-1.56873,1.37425,0,0.561727,9,0,0,0,0
626,21,-71,390,390,0.889168,-2.88247,0.889168,0,0.561727,9,0,0,0,0
627,21,-71,491,491,-0.564444,0.188807,-0.564444,0.304759,0,9,0,0,0,0
628,21,-71,437,437,0.00536701,0.2134,0.00536701,0,0.502088,9,0,0,0,0
629,21,-71,406,406,-0.288849,-0.919839,-0.288849,0,0.502088,9,0,0,0,0
630,21,-71,411,411,-0.741496,1.03501,-0.741496,0,0.680928,9,0,0,0,0
631,21,-71,419,419,-4.22636,3.24985,-4.22636,0,0.680928,9,0,0,0,0
632,21,-71,388,388,-0.15538,0.175736,-0.15538,0,0.680928,9,0,0,0,0
633,21,-71,490,490,-0.551773,-0.32236,-0.551773,0.303885,0,9,0,0,0,0
634,21,-71,463,463,-0.452501,1.84921,-0.452501,0,0.686455,9,0,0,0,0
635,-1,-71,457,457,-0.663219,0.612078,-0.663219,0.33,0.515435,9,0,0,0,0
636,-211,83,611,635,0.287458,0.239162,0.287458,0.13957,0,9,0,0,0,2159.61
637,213,-83,611,635,0.20903,-0.470429,0.20903,0.800863,0,9,0,0,0,0
638,-211,83,611,635,0.409585,-0.0487478,0.409585,0.13957,0,9,0,0,0,23569.7
639,211,83,611,635,-0.292689,0.0627518,-0.292689,0.13957,0,9,0,0,0,10910.9
640,223,-83,611,635,0.519079,0.06326,0.519079,0.777826,0,9,0,0,0,0
641,223,-83,611,635,0.880428,0.299008,0.880428,0.802276,0,9,0,0,0,0
642,-213,-83,611,635,0.117994,-0.163868,0.117994,0.744796,0,9,0,0,0,0
643,2212,83,611,635,1.01263,-0.204352,1.01263,0.93827,0,9,0,0,0,0
644,-2212,83,611,635,1.43663,-0.144541,1.43663,0.93827,0,9,0,0,0,0
645,323,-83,611,635,0.270396,-1.17315,0.270396,0.885988,0,9,0,0,0,0
646,-323,-83,611,635,0.711998,-0.463139,0.711998,0.896977,0,9,0,0,0,0
647,213,-83,611,635,-0.968684,0.355646,-0.968684,0.699216,0,9,0,0,0,0
648,111,-83,611,635,0.17641,0.453312,0.17641,0.13498,0,9,0,0,0,3.35785e-05
649,223,-83,611,635,0.681862,0.471078,0.681862,0.775067,0,9,0,0,0,0
650,113,-83,611,635,0.505044,-0.0727901,0.505044,0.79663,0,9,0,0,0,0
651,223,-83,611,635,0.658072,0.185547,0.658072,0.790717,0,9,0,0,0,0
652,-211,83,611,635,-0.0755827,0.0170593,-0.0755827,0.13957,0,9,0,0,0,2395.55
653,211,83,611,635,0.0861766,-0.394068,0.0861766,0.13957,0,9,0,0,0,13473.5
654,223,-83,611,635,1.00006,-0.294063,1.00006,0.776045,0,9,0,0,0,0
655,223,-83,611,635,2.99253,-1.12517,2.99253,0.831197,0,9,0,0,0,0
656,113,-83,611,635,6.94529,-2.03306,6.94529,0.956996,0,9,0,0,0,0
657,-211,83,611,635,0.560606,-0.0857415,0.560606,0.13957,0,9,0,0,0,331.553
658,111,-83,611,635,1.27856,-0.503749,1.27856,0.13498,0,9,0,0,0,9.76197e-06
659,211,84,611,635,1.99511,-0.260787,1.99511,0.13957,0,9,0,0,0,3396.46
660,-213,-84,611,635,6.30765,-2.6841,6.30765,0.798727,0,9,0,0,0,0
661,223,-84,611,635,1.09301,-0.583517,1.09301,0.80584,0,9,0,0,0,0
662,2212,84,611,635,1.22272,-0.307138,1.22272,0.93827,0,9,0,0,0,0
663,-2112,84,611,635,0.595147,-1.11125,0.595147,0.93957,0,9,0,0,0,4.30703e+13
664,-213,-84,611,635,0.236447,-0.843912,0.236447,0.774521,0,9,0,0,0,0
665,3222,-84,611,635,0.316705,-0.19582,0.316705,1.18937,0,9,0,0,0,23.9361
666,-3222,-84,611,635,-0.259727,-2.08961,-0.259727,1.18937,0,9,0,0,0,27.7943
667,211,84,611,635,0.624541,0.571671,0.624541,0.13957,0,9,0,0,0,6704.86
668,-211,84,611,635,-0.161257,-0.335231,-0.161257,0.13957,0,9,0,0,0,31403.2
669,211,84,611,635,-1.34721,0.695429,-1.34721,0.13957,0,9,0,0,0,6965.19
670,-211,84,611,635,-0.237833,0.423454,-0.237833,0.13957,0,9,0,0,0,22094.5
671,211,84,611,635,-0.195801,-0.0874699,-0.195801,0.13957,0,9,0,0,0,1703.25
672,221,-84,611,635,-0.514809,0.0200453,-0.514809,0.54785,0,9,0,0,0,0
673,2114,-84,611,635,-0.679278,0.0906017,-0.679278,1.57823,0,9,0,0,0,0
674,113,-84,611,635,-1.21842,1.9821,-1.21842,0.810583,0,9,0,0,0,0
675,-2114,-84,611,635,-0.96054,-0.00945361,-0.96054,1.2004,0,9,0,0,0,0
676,313,-84,611,635,-0.377818,0.174584,-0.377818,0.847134,0,9,0,0,0,0
677,-311,-84,611,635,0.0855431,-0.108837,0.0855431,0.49761,0,9,0,0,0,0
678,-211,84,611,635,0.026452,0.399353,0.026452,0.13957,0,9,0,0,0,299.673
679,213,-84,611,635,-0.345038,0.224156,-0.345038,0.825522,0,9,0,0,0,0
680,113,-84,611,635,-0.625725,0.368071,-0.625725,0.915748,0,9,0,0,0,0
681,111,-84,611,635,-0.470368,1.43515,-0.470368,0.13498,0,9,0,0,0,2.76539e-07
682,1,-71,393,393,1.65684,0.0334752,1.65684,0.33,0.772985,9,0,0,0,0
683,21,-71,484,484,-0.759182,0.270078,-0.759182,0,0.500494,9,0,0,0,0
684,21,-71,485,485,0.42803,0.0684831,0.42803,0,0.500494,9,0,0,0,0
685,21,-71,486,486,0.0602975,-1.02571,0.0602975,0,0.500494,9,0,0,0,0
686,21,-71,465,465,1.19412,-0.323202,1.19412,0,0.501675,9,0,0,0,0
687,21,-71,462,462,0.0724213,-0.943884,0.0724213,0,0.501675,9,0,0,0,0
688,21,-71,468,468,-1.07221,-1.53989,-1.07221,0,0.730789,9,0,0,0,0
689,21,-71,454,454,0.134676,-2.71942,0.134676,0,0.571676,9,0,0,0,0
690,21,-71,441,441,0.416952,-0.557274,0.416952,0,0.571676,9,0,0,0,0
691,21,-71,504,504,1.05178,1.92164,1.05178,0.432926,0,9,0,0,0,0
692,21,-71,503,503,-0.91561,-0.541815,-0.91561,0.422895,0,9,0,0,0,0
693,21,-71,473,473,-1.85626,-0.983509,-1.85626,0,1.81887,9,0,0,0,0
694,21,-71,505,505,0.905263,-0.556436,0.905263,0.516864,0,9,0,0,0,0
695,21,-71,477,477,3.63959,0.019212,3.63959,0,0.918407,9,0,0,0,0
696,21,-71,447,447,0.438756,-0.373644,0.438756,0,0.796501,9,0,0,0,0
697,2203,-71,502,502,0.0171029,-0.354625,0.0171029,0.95249,0,9,0,0,0,0
698,-211,83,682,697,0.535297,-0.0915649,0.535297,0.13957,0,9,0,0,0,2086.16
699,223,-83,682,697,0.888456,0.27891,0.888456,0.781259,0,9,0,0,0,0
700,111,-83,682,697,-0.515105,-0.108492,-0.515105,0.13498,0,9,0,0,0,1.93693e-05
701,221,-83,682,697,0.679918,0.276145,0.679918,0.54785,0,9,0,0,0,0
702,111,-83,682,697,-0.429112,-0.524637,-0.429112,0.13498,0,9,0,0,0,1.09387e-05
703,211,83,682,697,0.34171,0.284183,0.34171,0.13957,0,9,0,0,0,14866.9
704,-213,-83,682,697,0.0478311,0.096273,0.0478311,0.915671,0,9,0,0,0,0
705,211,83,682,697,-0.268209,0.148352,-0.268209,0.13957,0,9,0,0,0,9952.97
706,-213,-83,682,697,0.0471653,-0.522323,0.0471653,0.953895,0,9,0,0,0,0
707,213,-83,682,697,0.249123,0.197511,0.249123,0.712103,0,9,0,0,0,0
708,111,-83,682,697,-0.215206,-0.211019,-0.215206,0.13498,0,9,0,0,0,9.78685e-06
709,2112,83,682,697,0.636577,-0.130736,0.636577,0.93957,0,9,0,0,0,4.14854e+14
710,211,83,682,697,-0.105063,-0.651552,-0.105063,0.13957,0,9,0,0,0,10393.9
711,-2224,-83,682,697,0.59243,-1.37258,0.59243,1.27105,0,9,0,0,0,0
712,211,83,682,697,-0.0189944,-0.324677,-0.0189944,0.13957,0,9,0,0,0,13559.9
713,-211,84,682,697,-0.682679,-0.665575,-0.682679,0.13957,0,9,0,0,0,579.66
714,113,-84,682,697,-0.38066,-0.638174,-0.38066,1.00732,0,9,0,0,0,0
715,213,-84,682,697,0.574137,-1.28662,0.574137,0.750946,0,9,0,0,0,0
716,223,-84,682,697,0.0948393,0.243134,0.0948393,0.776857,0,9,0,0,0,0
717,-211,84,682,697,-0.279795,-0.255187,-0.279795,0.13957,0,9,0,0,0,3089.99
718,211,84,682,697,0.0991775,0.0556727,0.0991775,0.13957,0,9,0,0,0,14592.5
719,223,-84,682,697,0.374643,0.196199,0.374643,0.77965,0,9,0,0,0,0
720,223,-84,682,697,0.233138,-0.49629,0.233138,0.7801,0,9,0,0,0,0
721,-213,-84,682,697,0.0199204,-0.0674351,0.0199204,0.828262,0,9,0,0,0,0
722,211,84,682,697,0.163628,0.10409,0.163628,0.13957,0,9,0,0,0,6226.14
723,-213,-84,682,697,0.119208,0.282188,0.119208,0.698943,0,9,0,0,0,0
724,213,-84,682,697,-0.562719,-0.620337,-0.562719,0.780808,0,9,0,0,0,0
725,223,-84,682,697,-0.831375,-0.155638,-0.831375,0.784175,0,9,0,0,0,0
726,-211,84,682,697,-0.857816,-0.0622723,-0.857816,0.13957,0,9,0,0,0,4384.02
727,213,-84,682,697,1.93318,-0.332905,1.93318,1.44968,0,9,0,0,0,0
728,-213,-84,682,697,0.481537,-0.818367,0.481537,0.8381,0,9,0,0,0,0
729,211,84,682,697,-0.0324178,0.119567,-0.0324178,0.13957,0,9,0,0,0,6628.74
730,-213,-84,682,697,1.32816,-0.309695,1.32816,0.7668,0,9,0,0,0,0
731,111,-84,682,697,-0.0330196,0.0381335,-0.0330196,0.13498,0,9,0,0,0,2.99678e-06
732,223,-84,682,697,0.873675,0.243444,0.873675,0.781473,0,9,0,0,0,0
733,223,-84,682,697,0.268938,-0.264371,0.268938,0.781327,0,9,0,0,0,0
734,113,-84,682,697,0.120476,-0.0722953,0.120476,0.77005,0,9,0,0,0,0
735,2224,-84,682,697,-0.0784196,-0.18758,-0.0784196,1.2356,0,9,0,0,0,0
736,211,91,508,0,-0.0669612,0.0346786,-0.0669612,0.13957,0,9,0,0,0,969.946
737,-211,91,508,0,0.0926224,-0.420464,0.0926224,0.13957,0,9,0,0,0,7814.15
738,2212,91,509,0,0.713751,-0.496439,0.713751,0.93827,0,9,0,0,0,0
739,211,91,509,0,-0.0393512,-0.272498,-0.0393512,0.13957,0,9,0,0,0,1333.08
740,211,91,522,0,0.0456402,0.143722,0.0456402,0.13957,0,9,0,0,0,12046.8
741,-211,91,522,0,-0.59191,-0.17535,-0.59191,0.13957,0,9,0,0,0,642.479
742,-211,91,524,0,0.0640685,-0.327688,0.0640685,0.13957,0,9,0,0,0,64.5085
743,111,-91,524,0,-0.302811,0.150327,-0.302811,0.13498,0,9,0,0,0,2.30507e-05
744,-211,91,527,0,0.93729,0.98762,0.93729,0.13957,0,9,0,0,0,2733.11
745,111,-91,527,0,0.796448,0.426243,0.796448,0.13498,0,9,0,0,0,1.90521e-05
746,211,91,548,0,-0.715661,0.450646,-0.715661,0.13957,0,9,0,0,0,1827.13
747,111,-91,548,0,-0.852364,-0.306134,-0.852364,0.13498,0,9,0,0,0,1.50452e-05
748,130,91,549,549,0.0434528,-0.905029,0.0434528,0.49761,0,9,0,0,0,3298.23
749,130,91,552,552,-1.21415,-2.02984,-1.21415,0.49761,0,9,0,0,0,5046.71
750,211,91,554,0,-0.156559,0.0277614,-0.156559,0.13957,0,9,0,0,0,4489.02
751,111,-91,554,0,-0.0734532,-0.572106,-0.0734532,0.13498,0,9,0,0,0,7.88384e-05
752,211,91,556,0,-0.196974,-0.432284,-0.196974,0.13957,0,9,0,0,0,2115.54
753,-211,91,556,0,-0.375879,-2.36483,-0.375879,0.13957,0,9,0,0,0,7610.48
754,211,91,559,0,-0.0472751,0.103739,-0.0472751,0.13957,0,9,0,0,0,9678.76
755,111,-91,559,0,-1.20739,-0.701865,-1.20739,0.13498,0,9,0,0,0,5.93269e-06
756,-211,91,560,0,-2.21346,0.258626,-2.21346,0.13957,0,9,0,0,0,6137.98
757,111,-91,560,0,-1.96356,0.745538,-1.96356,0.13498,0,9,0,0,0,1.60351e-05
758,211,91,563,0,-0.662383,0.497346,-0.662383,0.13957,0,9,0,0,0,2587.24
759,-211,91,563,0,-3.34632,0.878544,-3.34632,0.13957,0,9,0,0,0,8668.77
760,310,-91,566,566,-1.17401,0.420776,-1.17401,0.49761,0,9,0,0,0,14.1791
761,-321,91,567,0,-0.967226,0.488232,-0.967226,0.49368,0,9,0,0,0,2242.15
762,111,-91,567,0,-0.156896,0.0495465,-0.156896,0.13498,0,9,0,0,0,1.15009e-05
763,211,91,568,0,0.773421,-0.022596,0.773421,0.13957,0,9,0,0,0,16367.6
764,111,-91,568,0,0.099854,-0.208542,0.099854,0.13498,0,9,0,0,0,1.10586e-06
765,211,91,569,0,0.959426,0.327546,0.959426,0.13957,0,9,0,0,0,2376.48
766,-211,91,569,0,-0.241233,0.0313592,-0.241233,0.13957,0,9,0,0,0,13215.7
767,130,91,572,572,0.0182104,0.0660746,0.0182104,0.49761,0,9,0,0,0,13744.1
768,310,-91,573,573,0.357858,0.775349,0.357858,0.49761,0,9,0,0,0,29.6357
769,310,-91,589,589,-0.604569,2.24628,-0.604569,0.49761,0,9,0,0,0,0.568677
770,130,91,590,590,0.135632,-0.421055,0.135632,0.49761,0,9,0,0,0,8554.97
771,310,-91,594,594,0.182311,-0.180179,0.182311,0.49761,0,9,0,0,0,8.50267
772,310,-91,595,595,-0.58884,-0.200511,-0.58884,0.49761,0,9,0,0,0,11.6736
773,211,91,600,0,-0.0559517,0.161573,-0.0559517,0.13957,0,9,0,0,0,5528.49
774,111,-91,600,0,-0.385565,0.0861007,-0.385565,0.13498,0,9,0,0,0,1.1386e-05
775,-211,91,601,0,-0.196156,0.110608,-0.196156,0.13957,0,9,0,0,0,55.252
776,111,-91,601,0,-0.0886328,-0.0775922,-0.0886328,0.13498,0,9,0,0,0,5.09301e-05
777,321,91,602,0,-0.19269,0.256366,-0.19269,0.49368,0,9,0,0,0,2799.09
778,111,-91,602,0,-0.00961467,0.7218,-0.00961467,0.13498,0,9,0,0,0,1.09622e-05
779,130,91,603,603,-0.229275,-0.42988,-0.229275,0.49761,0,9,0,0,0,47944.2
780,310,-91,604,604,-0.982204,-0.457235,-0.982204,0.49761,0,9,0,0,0,5.72413
781,211,91,609,0,0.484702,0.522445,0.484702,0.13957,0,9,0,0,0,11670.2
782,-211,91,609,0,-0.290521,0.269767,-0.290521,0.13957,0,9,0,0,0,18168.4
783,211,91,637,0,-0.241498,-0.0131389,-0.241498,0.13957,0,9,0,0,0,2819.14
784,111,-91,637,0,0.450528,-0.45729,0.450528,0.13498,0,9,0,0,0,1.83699e-05
785,-211,91,642,0,0.184824,-0.393633,0.184824,0.13957,0,9,0,0,0,4516.57
786,111,-91,642,0,-0.0668302,0.229765,-0.0668302,0.13498,0,9,0,0,0,1.2257e-05
787,311,-91,645,0,0.051115,-0.40907,0.051115,0.49761,0,9,0,0,0,0
788,211,91,645,0,0.219281,-0.764081,0.219281,0.13957,0,9,0,0,0,11203.6
789,-311,-91,646,0,0.575941,-0.165921,0.575941,0.49761,0,9,0,0,0,0
790,-211,91,646,0,0.136058,-0.297218,0.136058,0.13957,0,9,0,0,0,6249.46
791,211,91,647,0,-0.877654,0.27717,-0.877654,0.13957,0,9,0,0,0,698.349
792,111,-91,647,0,-0.0910294,0.0784753,-0.0910294,0.13498,0,9,0,0,0,2.54876e-05
793,211,91,650,0,0.536898,-0.039633,0.536898,0.13957,0,9,0,0,0,14353.8
794,-211,91,650,0,-0.0318542,-0.0331571,-0.0318542,0.13957,0,9,0,0,0,422.43
795,211,91,656,0,4.94957,-1.01524,4.94957,0.13957,0,9,0,0,0,13443.3
796,-211,91,656,0,1.99572,-1.01782,1.99572,0.13957,0,9,0,0,0,1701.95
797,-211,91,660,0,3.13795,-1.61227,3.13795,0.13957,0,9,0,0,0,28901.1
798,111,-91,660,0,3.1697,-1.07183,3.1697,0.13498,0,9,0,0,0,3.27926e-06
799,-211,91,664,0,0.0826553,0.108688,0.0826553,0.13957,0,9,0,0,0,13224
800,111,-91,664,0,0.153792,-0.9526,0.153792,0.13498,0,9,0,0,0,1.05276e-05
801,2112,91,673,0,0.0799792,0.0455289,0.0799792,0.93957,0,9,0,0,0,4.33097e+11
802,111,-91,673,0,-0.759257,0.0450728,-0.759257,0.13498,0,9,0,0,0,7.96315e-06
803,211,91,674,0,-0.801327,0.600972,-0.801327,0.13957,0,9,0,0,0,5334.63
804,-211,91,674,0,-0.417092,1.38113,-0.417092,0.13957,0,9,0,0,0,18529.6
805,-2112,91,675,0,-0.906281,0.0579467,-0.906281,0.93957,0,9,0,0,0,2.89141e+13
806,111,-91,675,0,-0.0542588,-0.0674003,-0.0542588,0.13498,0,9,0,0,0,1.1357e-06
807,311,-91,676,0,-0.368486,0.35216,-0.368486,0.49761,0,9,0,0,0,0
808,111,-91,676,0,-0.00933218,-0.177576,-0.00933218,0.13498,0,9,0,0,0,4.05862e-05
809,130,91,677,677,0.0855431,-0.108837,0.0855431,0.49761,0,9,0,0,0,4961.23
810,211,91,679,0,0.115511,-0.17949,0.115511,0.13957,0,9,0,0,0,4937.54
811,111,-91,679,0,-0.460549,0.403646,-0.460549,0.13498,0,9,0,0,0,6.36136e-06
812,211,91,680,0,-0.698705,0.410244,-0.698705,0.13957,0,9,0,0,0,13542.8
813,-211,91,680,0,0.0729799,-0.0421735,0.0729799,0.13957,0,9,0,0,0,6457.5
814,-211,91,704,0,-0.228911,-0.200746,-0.228911,0.13957,0,9,0,0,0,15708.6
815,111,-91,704,0,0.276742,0.297019,0.276742,0.13498,0,9,0,0,0,3.54516e-05
816,-211,91,706,0,0.0482441,-0.195137,0.0482441,0.13957,0,9,0,0,0,7995.8
817,111,-91,706,0,-0.00107878,-0.327186,-0.00107878,0.13498,0,9,0,0,0,6.10823e-05
818,211,91,707,0,-0.152713,0.219744,-0.152713,0.13957,0,9,0,0,0,36107.8
819,111,-91,707,0,0.401836,-0.0222332,0.401836,0.13498,0,9,0,0,0,1.10288e-05
820,-2212,91,711,0,0.683032,-1.15126,0.683032,0.93827,0,9,0,0,0,0
821,-211,91,711,0,-0.0906022,-0.221318,-0.0906022,0.13957,0,9,0,0,0,6257.36
822,211,91,714,0,-0.173392,-0.647575,-0.173392,0.13957,0,9,0,0,0,8461.79
823,-211,91,714,0,-0.207267,0.00940158,-0.207267,0.13957,0,9,0,0,0,713.618
824,211,91,715,0,0.300268,-0.47197,0.300268,0.13957,0,9,0,0,0,7097.08
825,111,-91,715,0,0.273869,-0.814654,0.273869,0.13498,0,9,0,0,0,2.74146e-05
826,-211,91,721,0,0.329108,-0.260653,0.329108,0.13957,0,9,0,0,0,191.949
827,111,-91,721,0,-0.309188,0.193218,-0.309188,0.13498,0,9,0,0,0,1.62065e-06
828,-211,91,723,0,0.243931,0.111593,0.243931,0.13957,0,9,0,0,0,1160.89
829,111,-91,723,0,-0.124723,0.170595,-0.124723,0.13498,0,9,0,0,0,9.45519e-06
830,211,91,724,0,-0.368536,-0.0436539,-0.368536,0.13957,0,9,0,0,0,1359.76
831,111,-91,724,0,-0.194183,-0.576683,-0.194183,0.13498,0,9,0,0,0,7.67653e-05
832,211,91,727,0,0.872748,-0.816068,0.872748,0.13957,0,9,0,0,0,135.123
833,111,-91,727,0,1.06043,0.483163,1.06043,0.13498,0,9,0,0,0,7.81319e-06
834,-211,91,728,0,0.0928675,-0.592482,0.0928675,0.13957,0,9,0,0,0,5428.33
835,111,-91,728,0,0.388669,-0.225885,0.388669,0.13498,0,9,0,0,0,6.07134e-05
836,-211,91,730,0,0.916711,-0.464766,0.916711,0.13957,0,9,0,0,0,10878.7
837,111,-91,730,0,0.411449,0.155071,0.411449,0.13498,0,9,0,0,0,1.30072e-05
838,211,91,734,0,0.334448,-0.274551,0.334448,0.13957,0,9,0,0,0,11857.8
839,-211,91,734,0,-0.213973,0.202255,-0.213973,0.13957,0,9,0,0,0,2390.48
840,2212,91,735,0,0.0782002,-0.0756025,0.0782002,0.93827,0,9,0,0,0,0
841,211,91,735,0,-0.15662,-0.111978,-0.15662,0.13957,0,9,0,0,0,8989.42
842,310,-91,787,787,0.051115,-0.40907,0.051115,0.49761,0,9,0,0,0,63.4694
843,130,91,789,789,0.575941,-0.165921,0.575941,0.49761,0,9,0,0,0,36644.9
844,130,91,807,807,-0.368486,0.35216,-0.368486,0.49761,0,9,0,0,0,47005.2
845,22,91,513,0,0.46685,-0.17246,0.46685,0,0,9,1.28914e-05,-4.34694e-06,-0.00146265,0
846,22,91,513,0,0.149185,-0.0352656,0.149185,0,0,9,1.28914e-05,-4.34694e-06,-0.00146265,0
847,211,91,525,0,0.419314,0.380967,0.419314,0.13957,0,9,0,0,0,16096.7
848,-211,91,525,0,0.500697,0.383616,0.500697,0.13957,0,9,0,0,0,6191.49
849,111,-91,525,0,0.179991,0.412878,0.179991,0.13498,0,9,0,0,0,3.85066e-05
850,211,91,547,0,-0.102544,-0.165408,-0.102544,0.13957,0,9,0,0,0,10361.5
851,-211,91,547,0,0.184711,0.147528,0.184711,0.13957,0,9,0,0,0,10570.8
852,111,-91,547,0,-0.107476,0.169429,-0.107476,0.13498,0,9,0,0,0,4.97178e-05
853,22,91,557,0,-0.142884,0.266021,-0.142884,0,0,9,-6.46048e-05,0.000167978,-0.00167075,0
854,22,91,557,0,-0.0805976,0.31505,-0.0805976,0,0,9,-6.46048e-05,0.000167978,-0.00167075,0
855,22,91,558,0,-0.308364,-0.0527549,-0.308364,0,0,9,-0.000212019,9.38812e-06,-0.000893102,0
856,22,91,558,0,-0.442185,0.085989,-0.442185,0,0,9,-0.000212019,9.38812e-06,-0.000893102,0
857,22,91,565,0,-0.0901029,0.00331296,-0.0901029,0,0,9,-0.000158092,4.26536e-05,-0.000603721,0
858,22,91,565,0,-0.960742,0.280208,-0.960742,0,0,9,-0.000158092,4.26536e-05,-0.000603721,0
859,22,91,570,0,0.623302,0.375466,0.623302,0,0,9,0,0,0,0
860,22,91,570,0,-0.0913841,0.0255986,-0.0913841,0,0,9,0,0,0,0
861,211,91,571,0,0.103997,1.00731,0.103997,0.13957,0,9,0,0,0,4546.3
862,-211,91,571,0,0.37863,0.674087,0.37863,0.13957,0,9,0,0,0,25269.9
863,111,-91,571,0,0.167539,0.23639,0.167539,0.13498,0,9,0,0,0,4.88139e-05
864,22,91,588,0,-0.0153933,0.231921,-0.0153933,0,0,9,-7.07569e-06,2.02708e-05,-0.000157003,0
865,22,91,588,0,-0.232612,0.478578,-0.232612,0,0,9,-7.07569e-06,2.02708e-05,-0.000157003,0
866,211,91,593,0,0.0433778,0.12086,0.0433778,0.13957,0,9,0,0,0,13121.9
867,-211,91,593,0,-0.264074,0.196477,-0.264074,0.13957,0,9,0,0,0,11115.7
868,111,-91,593,0,-0.319547,-0.119677,-0.319547,0.13498,0,9,0,0,0,6.78987e-06
869,22,91,596,0,-0.0478413,-0.0521697,-0.0478413,0,0,9,-1.64088e-06,-4.22236e-07,1.58598e-06,0
870,22,91,596,0,-0.101994,0.0136136,-0.101994,0,0,9,-1.64088e-06,-4.22236e-07,1.58598e-06,0
871,22,91,599,0,0.120493,0.0978317,0.120493,0,0,9,4.96308e-05,2.16343e-05,3.35982e-05,0
872,22,91,599,0,0.014575,-0.038955,0.014575,0,0,9,4.96308e-05,2.16343e-05,3.35982e-05,0
873,321,91,605,0,-0.938139,-0.0823073,-0.938139,0.49368,0,9,0,0,0,171.578
874,-321,91,605,0,-1.07183,-0.278095,-1.07183,0.49368,0,9,0,0,0,16487.6
875,22,91,608,0,-0.333654,-0.301872,-0.333654,0,0,9,-0.000230788,-0.000222487,0.00586034,0
876,22,91,608,0,-0.0899938,-0.106537,-0.0899938,0,0,9,-0.000230788,-0.000222487,0.00586034,0
877,211,91,640,0,0.375887,0.129849,0.375887,0.13957,0,9,0,0,0,700.173
878,-211,91,640,0,0.130985,0.0585659,0.130985,0.13957,0,9,0,0,0,30521.9
879,111,-91,640,0,0.0122072,-0.125155,0.0122072,0.13498,0,9,0,0,0,6.1261e-05
880,211,91,641,0,0.0473839,-0.0300279,0.0473839,0.13957,0,9,0,0,0,6521.12
881,-211,91,641,0,0.344014,0.336363,0.344014,0.13957,0,9,0,0,0,2031.46
882,111,-91,641,0,0.489029,-0.0073278,0.489029,0.13498,0,9,0,0,0,3.31196e-07
883,22,91,648,0,0.153997,0.310942,0.153997,0,0,9,4.38848e-05,0.000112769,0.000911452,0
884,22,91,648,0,0.0224123,0.14237,0.0224123,0,0,9,4.38848e-05,0.000112769,0.000911452,0
885,211,91,649,0,-0.00425177,0.141561,-0.00425177,0.13957,0,9,0,0,0,13555.8
886,-211,91,649,0,0.590343,0.329197,0.590343,0.13957,0,9,0,0,0,3612.35
887,111,-91,649,0,0.0957706,0.00031916,0.0957706,0.13498,0,9,0,0,0,3.79012e-05
888,211,91,651,0,-0.0174925,0.0720616,-0.0174925,0.13957,0,9,0,0,0,20037.4
889,-211,91,651,0,0.299742,0.155572,0.299742,0.13957,0,9,0,0,0,2620.72
890,111,-91,651,0,0.375823,-0.0420866,0.375823,0.13498,0,9,0,0,0,3.89798e-05
891,211,91,654,0,0.0429066,-0.0422202,0.0429066,0.13957,0,9,0,0,0,18938
892,-211,91,654,0,0.557829,-0.195745,0.557829,0.13957,0,9,0,0,0,7042.26
893,111,-91,654,0,0.399325,-0.0560974,0.399325,0.13498,0,9,0,0,0,1.59175e-05
894,211,91,655,0,0.653207,-0.416884,0.653207,0.13957,0,9,0,0,0,3523.97
895,-211,91,655,0,2.11488,-0.653151,2.11488,0.13957,0,9,0,0,0,37669.6
896,111,-91,655,0,0.224437,-0.0551317,0.224437,0.13498,0,9,0,0,0,1.04455e-05
897,22,91,658,0,0.478454,-0.226162,0.478454,0,0,9,9.24678e-05,-3.6432e-05,0.000131371,0
898,22,91,658,0,0.800109,-0.277587,0.800109,0,0,9,9.24678e-05,-3.6432e-05,0.000131371,0
899,211,91,661,0,0.599865,-0.0344046,0.599865,0.13957,0,9,0,0,0,9430.99
900,-211,91,661,0,0.0745674,-0.0824268,0.0745674,0.13957,0,9,0,0,0,3842.33
901,111,-91,661,0,0.418575,-0.466685,0.418575,0.13498,0,9,0,0,0,1.28429e-05
902,2112,91,665,0,0.0902277,-0.235978,0.0902277,0.93957,0,9,6.3737,-3.94089,33.0036,1.82697e+14
903,211,91,665,0,0.226477,0.0401577,0.226477,0.13957,0,9,6.3737,-3.94089,33.0036,2568.2
904,-2212,91,666,0,-0.252078,-2.06329,-0.252078,0.93827,0,9,-6.06954,-48.8319,-1.24053,0
905,111,-91,666,0,-0.00764931,-0.0263172,-0.00764931,0.13498,0,9,-6.06954,-48.8319,-1.24053,4.71713e-05
906,22,91,672,0,0.043418,-0.0453509,0.043418,0,0,9,0,0,0,0
907,22,91,672,0,-0.558227,0.0653962,-0.558227,0,0,9,0,0,0,0
908,22,91,681,0,-0.00307001,0.000188503,-0.00307001,0,0,9,-9.63663e-07,2.94026e-06,-4.24729e-05,0
909,22,91,681,0,-0.467298,1.43497,-0.467298,0,0,9,-9.63663e-07,2.94026e-06,-4.24729e-05,0
910,211,91,699,0,0.245132,-0.130893,0.245132,0.13957,0,9,0,0,0,11412
911,-211,91,699,0,0.282112,0.153718,0.282112,0.13957,0,9,0,0,0,19080.5
912,111,-91,699,0,0.361212,0.256085,0.361212,0.13498,0,9,0,0,0,3.67784e-06
913,22,91,700,0,-0.198846,-0.10963,-0.198846,0,0,9,-7.39162e-05,-1.55683e-05,0.000309761,0
914,22,91,700,0,-0.316259,0.00113863,-0.316259,0,0,9,-7.39162e-05,-1.55683e-05,0.000309761,0
915,111,-91,701,0,0.204086,-0.0290599,0.204086,0.13498,0,9,0,0,0,9.65308e-06
916,111,-91,701,0,0.304702,0.167932,0.304702,0.13498,0,9,0,0,0,2.38117e-05
917,111,-91,701,0,0.171129,0.137272,0.171129,0.13498,0,9,0,0,0,1.98366e-05
918,22,91,702,0,0.000337503,-0.0124332,0.000337503,0,0,9,-3.47748e-05,-4.25161e-05,0.000545061,0
919,22,91,702,0,-0.429449,-0.512204,-0.429449,0,0,9,-3.47748e-05,-4.25161e-05,0.000545061,0
920,22,91,708,0,-0.121905,-0.0720002,-0.121905,0,0,9,-1.56037e-05,-1.53002e-05,0.000537702,0
921,22,91,708,0,-0.0933006,-0.139019,-0.0933006,0,0,9,-1.56037e-05,-1.53002e-05,0.000537702,0
922,211,91,716,0,0.105528,0.149108,0.105528,0.13957,0,9,0,0,0,7257.15
923,-211,91,716,0,-0.0501945,-0.189662,-0.0501945,0.13957,0,9,0,0,0,405.747
924,111,-91,716,0,0.039506,0.283689,0.039506,0.13498,0,9,0,0,0,6.65459e-06
925,211,91,719,0,-0.0991653,0.0921001,-0.0991653,0.13957,0,9,0,0,0,8193.76
926,-211,91,719,0,0.300627,0.134861,0.300627,0.13957,0,9,0,0,0,4868.72
927,111,-91,719,0,0.173181,-0.0307619,0.173181,0.13498,0,9,0,0,0,0.000137944
928,211,91,720,0,0.0348601,-0.39876,0.0348601,0.13957,0,9,0,0,0,6304.71
929,-211,91,720,0,0.0579789,0.0531087,0.0579789,0.13957,0,9,0,0,0,5723.37
930,111,-91,720,0,0.140299,-0.150638,0.140299,0.13498,0,9,0,0,0,5.1618e-06
931,211,91,725,0,-0.142732,0.113691,-0.142732,0.13957,0,9,0,0,0,5568.16
932,-211,91,725,0,-0.623162,-0.106386,-0.623162,0.13957,0,9,0,0,0,4966.67
933,111,-91,725,0,-0.065481,-0.162943,-0.065481,0.13498,0,9,0,0,0,7.92752e-06
934,22,91,731,0,0.052733,0.0089422,0.052733,0,0,9,-7.33091e-07,8.46627e-07,-0.00144669,0
935,22,91,731,0,-0.0857526,0.0291913,-0.0857526,0,0,9,-7.33091e-07,8.46627e-07,-0.00144669,0
936,211,91,732,0,0.375605,0.257086,0.375605,0.13957,0,9,0,0,0,3593.32
937,-211,91,732,0,0.441346,0.0422911,0.441346,0.13957,0,9,0,0,0,8252.41
938,111,-91,732,0,0.0567238,-0.0559339,0.0567238,0.13498,0,9,0,0,0,1.57714e-05
939,211,91,733,0,-0.0832063,0.00411566,-0.0832063,0.13957,0,9,0,0,0,12346.8
940,-211,91,733,0,0.123953,-0.0789077,0.123953,0.13957,0,9,0,0,0,2505.66
941,111,-91,733,0,0.228192,-0.189579,0.228192,0.13498,0,9,0,0,0,4.91779e-05
942,22,91,743,0,-0.272117,0.150552,-0.272117,0,0,9,-5.17113e-05,2.56714e-05,3.88394e-05,0
943,22,91,743,0,-0.0306935,-0.000225094,-0.0306935,0,0,9,-5.17113e-05,2.56714e-05,3.88394e-05,0
944,22,91,745,0,0.777049,0.436287,0.777049,0,0,9,0.000112417,6.01632e-05,3.0236e-05,0
945,22,91,745,0,0.0193989,-0.0100448,0.0193989,0,0,9,0.000112417,6.01632e-05,3.0236e-05,0
946,22,91,747,0,-0.263839,-0.0307204,-0.263839,0,0,9,-9.50064e-05,-3.41224e-05,-0.0116828,0
947,22,91,747,0,-0.588525,-0.275414,-0.588525,0,0,9,-9.50064e-05,-3.41224e-05,-0.0116828,0
948,22,91,751,0,-0.0541648,-0.0710531,-0.0541648,0,0,9,-4.29022e-05,-0.000334152,-0.00606584,0
949,22,91,751,0,-0.0192884,-0.501053,-0.0192884,0,0,9,-4.29022e-05,-0.000334152,-0.00606584,0
950,22,91,755,0,-0.186142,-0.109471,-0.186142,0,0,9,-5.30678e-05,-3.08486e-05,-0.000162312,0
951,22,91,755,0,-1.02125,-0.592394,-1.02125,0,0,9,-5.30678e-05,-3.08486e-05,-0.000162312,0
952,22,91,757,0,-1.38026,0.582621,-1.38026,0,0,9,-0.000233262,8.85669e-05,-0.00070479,0
953,22,91,757,0,-0.583293,0.162917,-0.583293,0,0,9,-0.000233262,8.85669e-05,-0.00070479,0
954,211,91,760,0,-0.144977,0.188914,-0.144977,0.13957,0,9,-33.4528,11.9898,-91.7503,770.544
955,-211,91,760,0,-1.02904,0.231862,-1.02904,0.13957,0,9,-33.4528,11.9898,-91.7503,11676.5
956,22,91,762,0,-0.0800646,-0.039369,-0.0800646,0,0,9,-1.33682e-05,4.22156e-06,-7.88941e-06,0
957,22,91,762,0,-0.0768319,0.0889155,-0.0768319,0,0,9,-1.33682e-05,4.22156e-06,-7.88941e-06,0
958,22,91,764,0,0.0717599,-0.07382,0.0717599,0,0,9,8.18078e-07,-1.70853e-06,-1.37859e-05,0
959,22,91,764,0,0.0280942,-0.134722,0.0280942,0,0,9,8.18078e-07,-1.70853e-06,-1.37859e-05,0
960,211,91,768,0,0.380774,0.582391,0.380774,0.13957,0,9,21.3126,46.1767,-11.7792,3041.91
961,-211,91,768,0,-0.0229161,0.192958,-0.0229161,0.13957,0,9,21.3126,46.1767,-11.7792,2629.68
962,211,91,769,0,-0.0441519,0.333223,-0.0441519,0.13957,0,9,-0.690911,2.56708,-8.841,14123.9
963,-211,91,769,0,-0.560417,1.91306,-0.560417,0.13957,0,9,-0.690911,2.56708,-8.841,3450.71
964,211,91,771,0,0.198499,-0.0617341,0.198499,0.13957,0,9,3.11514,-3.07872,-2.33658,17660.8
965,-211,91,771,0,-0.0161885,-0.118445,-0.0161885,0.13957,0,9,3.11514,-3.07872,-2.33658,486.518
966,211,91,772,0,-0.59957,-0.141895,-0.59957,0.13957,0,9,-13.8139,-4.70388,-15.6244,3673.11
967,-211,91,772,0,0.0107294,-0.058616,0.0107294,0.13957,0,9,-13.8139,-4.70388,-15.6244,7349.82
968,22,91,774,0,-0.356876,0.0797901,-0.356876,0,0,9,-3.25237e-05,7.26289e-06,1.36194e-05,0
969,22,91,774,0,-0.0286889,0.00631054,-0.0286889,0,0,9,-3.25237e-05,7.26289e-06,1.36194e-05,0
970,22,91,776,0,0.0141771,0.0257046,0.0141771,0,0,9,-3.34426e-05,-2.92768e-05,6.82924e-05,0
971,22,91,776,0,-0.10281,-0.103297,-0.10281,0,0,9,-3.34426e-05,-2.92768e-05,6.82924e-05,0
972,22,91,778,0,-0.0314376,0.697918,-0.0314376,0,0,9,-7.80841e-07,5.86198e-05,0.000143478,0
973,22,91,778,0,0.021823,0.0238817,0.021823,0,0,9,-7.80841e-07,5.86198e-05,0.000143478,0
974,211,91,780,0,-0.699295,-0.426012,-0.699295,0.13957,0,9,-11.2985,-5.25968,230.798,10993.3
975,-211,91,780,0,-0.282909,-0.0312229,-0.282909,0.13957,0,9,-11.2985,-5.25968,230.798,6264.93
976,22,91,784,0,0.209756,-0.262497,0.209756,0,0,9,6.1314e-05,-6.22342e-05,0.0460531,0
977,22,91,784,0,0.240772,-0.194793,0.240772,0,0,9,6.1314e-05,-6.22342e-05,0.0460531,0
978,22,91,786,0,0.0144554,0.136183,0.0144554,0,0,9,-6.06856e-06,2.0864e-05,0.00274795,0
979,22,91,786,0,-0.0812856,0.0935825,-0.0812856,0,0,9,-6.06856e-06,2.0864e-05,0.00274795,0
980,22,91,792,0,-0.0978104,-0.00379821,-0.0978104,0,0,9,-1.71887e-05,1.48181e-05,0.00387474,0
981,22,91,792,0,0.00678104,0.0822735,0.00678104,0,0,9,-1.71887e-05,1.48181e-05,0.00387474,0
982,22,91,798,0,2.83372,-0.913547,2.83372,0,0,9,7.7006e-05,-2.60396e-05,0.000181311,0
983,22,91,798,0,0.335976,-0.158286,0.335976,0,0,9,7.7006e-05,-2.60396e-05,0.000181311,0
984,22,91,800,0,0.0403551,-0.616706,0.0403551,0,0,9,1.19948e-05,-7.42969e-05,3.35391e-05,0
985,22,91,800,0,0.113437,-0.335894,0.113437,0,0,9,1.19948e-05,-7.42969e-05,3.35391e-05,0
986,22,91,802,0,-0.202133,0.0676123,-0.202133,0,0,9,-4.47924e-05,2.65907e-06,-1.89721e-05,0
987,22,91,802,0,-0.557124,-0.0225394,-0.557124,0,0,9,-4.47924e-05,2.65907e-06,-1.89721e-05,0
988,22,91,806,0,0.00399276,-0.0849687,0.00399276,0,0,9,-4.56524e-07,-5.67094e-07,-4.99668e-06,0
989,22,91,806,0,-0.0582515,0.0175684,-0.0582515,0,0,9,-4.56524e-07,-5.67094e-07,-4.99668e-06,0
990,22,91,808,0,-0.00700675,-0.199363,-0.00700675,0,0,9,-2.80603e-06,-5.3394e-05,-4.11487e-05,0
991,22,91,808,0,-0.00232543,0.0217871,-0.00232543,0,0,9,-2.80603e-06,-5.3394e-05,-4.11487e-05,0
992,22,91,811,0,-0.070627,0.00864215,-0.070627,0,0,9,-2.17048e-05,1.90231e-05,-0.00035768,0
993,22,91,811,0,-0.389922,0.395004,-0.389922,0,0,9,-2.17048e-05,1.90231e-05,-0.00035768,0
994,22,91,815,0,0.199868,0.146867,0.199868,0,0,9,7.26844e-05,7.80099e-05,0.00604626,0
995,22,91,815,0,0.0768734,0.150152,0.0768734,0,0,9,7.26844e-05,7.80099e-05,0.00604626,0
996,22,91,817,0,-0.0271686,-0.325286,-0.0271686,0,0,9,-4.88179e-07,-0.000148061,0.00267193,0
997,22,91,817,0,0.0260898,-0.00190029,0.0260898,0,0,9,-4.88179e-07,-0.000148061,0.00267193,0
998,22,91,819,0,0.362244,0.0231,0.362244,0,0,9,3.28327e-05,-1.8166e-06,0.00249422,0
999,22,91,819,0,0.0395916,-0.0453332,0.0395916,0,0,9,3.28327e-05,-1.8166e-06,0.00249422,0
1000,22,91,825,0,0.106936,-0.153968,0.106936,0,0,9,5.5623e-05,-0.000165457,-8.04449e-05,0
1001,22,91,825,0,0.166933,-0.660685,0.166933,0,0,9,5.5623e-05,-0.000165457,-8.04449e-05,0
1002,22,91,827,0,-0.315914,0.159014,-0.315914,0,0,9,-3.71231e-06,2.31989e-06,-2.17899e-05,0
1003,22,91,827,0,0.00672627,0.0342036,0.00672627,0,0,9,-3.71231e-06,2.31989e-06,-2.17899e-05,0
1004,22,91,829,0,-0.107901,0.165514,-0.107901,0,0,9,-8.73672e-06,1.195e-05,-7.82007e-05,0
1005,22,91,829,0,-0.0168221,0.00508071,-0.0168221,0,0,9,-8.73672e-06,1.195e-05,-7.82007e-05,0
1006,22,91,831,0,-0.0573227,-0.355702,-0.0573227,0,0,9,-0.000110435,-0.000327969,-0.0150166,0
1007,22,91,831,0,-0.136861,-0.220981,-0.136861,0,0,9,-0.000110435,-0.000327969,-0.0150166,0
1008,22,91,833,0,0.771465,0.352693,0.771465,0,0,9,6.13821e-05,2.79675e-05,-0.00535801,0
1009,22,91,833,0,0.288965,0.13047,0.288965,0,0,9,6.13821e-05,2.79675e-05,-0.00535801,0
1010,22,91,835,0,0.212373,-0.191964,0.212373,0,0,9,0.000174822,-0.000101602,-0.00897266,0
1011,22,91,835,0,0.176296,-0.0339207,0.176296,0,0,9,0.000174822,-0.000101602,-0.00897266,0
1012,22,91,837,0,0.192311,0.130588,0.192311,0,0,9,3.96489e-05,1.49433e-05,-0.00507568,0
1013,22,91,837,0,0.219138,0.0244834,0.219138,0,0,9,3.96489e-05,1.49433e-05,-0.00507568,0
1014,211,91,842,0,0.0917187,0.037639,0.0917187,0.13957,0,9,6.51965,-52.1763,12230.8,3809.38
1015,-211,91,842,0,-0.0406036,-0.446709,-0.0406036,0.13957,0,9,6.51965,-52.1763,12230.8,10742.5
1016,22,91,849,0,-0.0216192,0.0405682,-0.0216192,0,0,9,5.13473e-05,0.000117784,0.000265643,0
1017,22,91,849,0,0.201611,0.372309,0.201611,0,0,9,5.13473e-05,0.000117784,0.000265643,0
1018,22,91,852,0,-0.0067076,0.0973363,-0.0067076,0,0,9,-3.95873e-05,6.24067e-05,-0.0122258,0
1019,22,91,852,0,-0.100769,0.072093,-0.100769,0,0,9,-3.95873e-05,6.24067e-05,-0.0122258,0
1020,22,91,863,0,0.0674009,0.0767083,0.0674009,0,0,9,6.05883e-05,8.54876e-05,-8.37208e-05,0
1021,22,91,863,0,0.100138,0.159682,0.100138,0,0,9,6.05883e-05,8.54876e-05,-8.37208e-05,0
1022,22,91,868,0,-0.228258,-0.0160332,-0.228258,0,0,9,-1.60741e-05,-6.02008e-06,-2.90859e-05,0
1023,22,91,868,0,-0.0912888,-0.103644,-0.0912888,0,0,9,-1.60741e-05,-6.02008e-06,-2.90859e-05,0
1024,22,91,879,0,-0.0520276,-0.0658325,-0.0520276,0,0,9,5.54026e-06,-5.68017e-05,0.0196221,0
1025,22,91,879,0,0.0642348,-0.059322,0.0642348,0,0,9,5.54026e-06,-5.68017e-05,0.0196221,0
1026,22,91,882,0,0.496578,-0.0083644,0.496578,0,0,9,1.19991e-06,-1.798e-08,0.000263586,0
1027,22,91,882,0,-0.00754838,0.0010366,-0.00754838,0,0,9,1.19991e-06,-1.798e-08,0.000263586,0
1028,22,91,887,0,-0.02967,0.0231547,-0.02967,0,0,9,2.68915e-05,8.96175e-08,0.00184112,0
1029,22,91,887,0,0.125441,-0.0228355,0.125441,0,0,9,2.68915e-05,8.96175e-08,0.00184112,0
1030,22,91,890,0,0.354626,-0.000254039,0.354626,0,0,9,0.000108531,-1.21538e-05,0.000475665,0
1031,22,91,890,0,0.0211968,-0.0418325,0.0211968,0,0,9,0.000108531,-1.21538e-05,0.000475665,0
1032,22,91,893,0,0.123048,-0.0581338,0.123048,0,0,9,4.70903e-05,-6.61527e-06,0.000256303,0
1033,22,91,893,0,0.276277,0.00203647,0.276277,0,0,9,4.70903e-05,-6.61527e-06,0.000256303,0
1034,22,91,896,0,0.0987013,0.0392748,0.0987013,0,0,9,1.73682e-05,-4.26639e-06,2.306e-05,0
1035,22,91,896,0,0.125736,-0.0944066,0.125736,0,0,9,1.73682e-05,-4.26639e-06,2.306e-05,0
1036,22,91,901,0,0.412124,-0.468188,0.412124,0,0,9,3.9826e-05,-4.44035e-05,8.40402e-05,0
1037,22,91,901,0,0.0064503,0.0015023,0.0064503,0,0,9,3.9826e-05,-4.44035e-05,8.40402e-05,0
1038,22,91,905,0,-0.0336586,-0.0281862,-0.0336586,0,0,9,-6.06954,-48.8319,-1.24053,0
1039,22,91,905,0,0.0260093,0.001869,0.0260093,0,0,9,-6.06954,-48.8319,-1.24053,0
1040,22,91,912,0,0.119526,0.0276162,0.119526,0,0,9,9.84205e-06,6.97764e-06,4.0147e-05,0
1041,22,91,912,0,0.241686,0.228469,0.241686,0,0,9,9.84205e-06,6.97764e-06,4.0147e-05,0
1042,22,91,915,0,0.184807,0.0248799,0.184807,0,0,9,1.45952e-05,-2.07821e-06,0.00049577,0
1043,22,91,915,0,0.0192794,-0.0539398,0.0192794,0,0,9,1.45952e-05,-2.07821e-06,0.00049577,0
1044,22,91,916,0,0.0203623,0.0259705,0.0203623,0,0,9,5.37522e-05,2.96247e-05,0.00200586,0
1045,22,91,916,0,0.28434,0.141962,0.28434,0,0,9,5.37522e-05,2.96247e-05,0.00200586,0
1046,22,91,917,0,0.00595547,-0.0218817,0.00595547,0,0,9,2.5149e-05,2.01735e-05,0.000586734,0
1047,22,91,917,0,0.165174,0.159154,0.165174,0,0,9,2.5149e-05,2.01735e-05,0.000586734,0
1048,22,91,924,0,0.0225784,0.0975919,0.0225784,0,0,9,1.94767e-06,1.3986e-05,-3.64719e-05,0
1049,22,91,924,0,0.0169276,0.186097,0.0169276,0,0,9,1.94767e-06,1.3986e-05,-3.64719e-05,0
1050,22,91,927,0,0.115275,0.0410882,0.115275,0,0,9,0.000176984,-3.14374e-05,-0.00206042,0
1051,22,91,927,0,0.0579051,-0.0718501,0.0579051,0,0,9,0.000176984,-3.14374e-05,-0.00206042,0
1052,22,91,930,0,0.165861,-0.125649,0.165861,0,0,9,5.36522e-06,-5.7606e-06,-6.63836e-05,0
1053,22,91,930,0,-0.025562,-0.0249889,-0.025562,0,0,9,5.36522e-06,-5.7606e-06,-6.63836e-05,0
1054,22,91,933,0,-0.012107,-0.0328616,-0.012107,0,0,9,-3.84577e-06,-9.56982e-06,-0.000473468,0
1055,22,91,933,0,-0.053374,-0.130082,-0.053374,0,0,9,-3.84577e-06,-9.56982e-06,-0.000473468,0
1056,22,91,938,0,0.0242162,0.0157346,0.0242162,0,0,9,6.62775e-06,-6.53545e-06,-0.00102605,0
1057,22,91,938,0,0.0325076,-0.0716685,0.0325076,0,0,9,6.62775e-06,-6.53545e-06,-0.00102605,0
1058,22,91,941,0,0.101913,-0.0161664,0.101913,0,0,9,8.31382e-05,-6.90701e-05,-0.0350216,0
1059,22,91,941,0,0.126279,-0.173412,0.126279,0,0,9,8.31382e-05,-6.90701e-05,-0.0350216,0
